INSERT INTO ContaBancaria (numero_conta, agencia, tipo_conta) VALUES ('92411245198', '38194031', 'Corrente');
INSERT INTO ContaBancaria (numero_conta, agencia, tipo_conta) VALUES ('26813794220', '35908347', 'Poupança');
INSERT INTO ContaBancaria (numero_conta, agencia, tipo_conta) VALUES ('69427111090', '54200022', 'Poupança');
INSERT INTO ContaBancaria (numero_conta, agencia, tipo_conta) VALUES ('42352923812', '97695713', 'Corrente');
INSERT INTO ContaBancaria (numero_conta, agencia, tipo_conta) VALUES ('48578919592', '80943504', 'Poupança');
INSERT INTO ContaBancaria (numero_conta, agencia, tipo_conta) VALUES ('12017506884', '97409569', 'Poupança');
INSERT INTO ContaBancaria (numero_conta, agencia, tipo_conta) VALUES ('53195474443', '85209349', 'Corrente');
INSERT INTO ContaBancaria (numero_conta, agencia, tipo_conta) VALUES ('14870142674', '23902494', 'Corrente');
INSERT INTO ContaBancaria (numero_conta, agencia, tipo_conta) VALUES ('42999258891', '22957817', 'Corrente');
INSERT INTO ContaBancaria (numero_conta, agencia, tipo_conta) VALUES ('48422940176', '17994961', 'Corrente');
INSERT INTO ContaBancaria (numero_conta, agencia, tipo_conta) VALUES ('18470286537', '30901612', 'Corrente');
INSERT INTO ContaBancaria (numero_conta, agencia, tipo_conta) VALUES ('60851323363', '45944203', 'Poupança');
INSERT INTO ContaBancaria (numero_conta, agencia, tipo_conta) VALUES ('25494858632', '21160408', 'Corrente');
INSERT INTO ContaBancaria (numero_conta, agencia, tipo_conta) VALUES ('29026890873', '57964047', 'Corrente');
INSERT INTO ContaBancaria (numero_conta, agencia, tipo_conta) VALUES ('37821738337', '49878192', 'Poupança');
INSERT INTO Localizacao (cep, cidade, estado, pais, bairro) VALUES ('13696016', 'da Rosa da Mata', 'SE', 'Brasil', 'Santa Cruz');
INSERT INTO Localizacao (cep, cidade, estado, pais, bairro) VALUES ('32473378', 'Borges', 'SE', 'Brasil', 'Fazendinha');
INSERT INTO Localizacao (cep, cidade, estado, pais, bairro) VALUES ('66154565', 'Martins Alegre', 'ES', 'Brasil', 'Vila Formosa');
INSERT INTO Localizacao (cep, cidade, estado, pais, bairro) VALUES ('17086279', 'Nogueira', 'SC', 'Brasil', 'Vila Ecológica');
INSERT INTO Localizacao (cep, cidade, estado, pais, bairro) VALUES ('54258915', 'Casa Grande', 'CE', 'Brasil', 'Vila Mangueiras');
INSERT INTO Localizacao (cep, cidade, estado, pais, bairro) VALUES ('93882724', 'Moura da Prata', 'RR', 'Brasil', 'São Marcos');
INSERT INTO Localizacao (cep, cidade, estado, pais, bairro) VALUES ('32710533', 'Carvalho', 'RJ', 'Brasil', 'Vila Jardim Montanhes');
INSERT INTO Localizacao (cep, cidade, estado, pais, bairro) VALUES ('94415318', 'Rocha', 'PE', 'Brasil', 'Nova Floresta');
INSERT INTO Localizacao (cep, cidade, estado, pais, bairro) VALUES ('67360434', 'Souza', 'RS', 'Brasil', 'São Paulo');
INSERT INTO Localizacao (cep, cidade, estado, pais, bairro) VALUES ('77266124', 'Brito', 'MA', 'Brasil', 'Boa Esperança');
INSERT INTO Localizacao (cep, cidade, estado, pais, bairro) VALUES ('04303511', 'Albuquerque dos Dourados', 'RJ', 'Brasil', 'Marieta 1ª Seção');
INSERT INTO Localizacao (cep, cidade, estado, pais, bairro) VALUES ('92480782', 'da Paz do Norte', 'AP', 'Brasil', 'Vila Novo São Lucas');
INSERT INTO Localizacao (cep, cidade, estado, pais, bairro) VALUES ('20168930', 'Gomes', 'AL', 'Brasil', 'Vila Boa Vista');
INSERT INTO Localizacao (cep, cidade, estado, pais, bairro) VALUES ('47886983', 'Câmara Paulista', 'RN', 'Brasil', 'Mirante');
INSERT INTO Localizacao (cep, cidade, estado, pais, bairro) VALUES ('86448613', 'Andrade', 'PB', 'Brasil', 'Vila Jardim Alvorada');
INSERT INTO Usuario (CPF, conta_bancaria, id_localizacao, nome, sobrenome, locador, locatario, data_nascimento, sexo, telefone, email, senha) VALUES ('25490837179', '53195474443', 1, 'Ana Julia', 'Rios', True, True, '2003-05-07', 'F', '9988610387', 'eloah27@example.net', 'ZU(7Ao8Hbe8z');
INSERT INTO Usuario (CPF, conta_bancaria, id_localizacao, nome, sobrenome, locador, locatario, data_nascimento, sexo, telefone, email, senha) VALUES ('28346709510', '42352923812', 2, 'Stephany', 'Almeida', False, True, '1958-01-30', 'M', '9673445862', 'pereirapedro@example.net', '1vXIgRb7(43+');
INSERT INTO Usuario (CPF, conta_bancaria, id_localizacao, nome, sobrenome, locador, locatario, data_nascimento, sexo, telefone, email, senha) VALUES ('58427396074', '42999258891', 3, 'Heloísa', 'da Mata', True, False, '1989-10-07', 'M', '9532104677', 'larissacunha@example.net', 'r1tIxVWk$SjM');
INSERT INTO Usuario (CPF, conta_bancaria, id_localizacao, nome, sobrenome, locador, locatario, data_nascimento, sexo, telefone, email, senha) VALUES ('48293167564', '53195474443', 4, 'Yasmin', 'Sampaio', True, False, '1944-08-14', 'M', '9461892749', 'wferreira@example.org', 'I3Flf3Nl4(h3');
INSERT INTO Usuario (CPF, conta_bancaria, id_localizacao, nome, sobrenome, locador, locatario, data_nascimento, sexo, telefone, email, senha) VALUES ('72150689430', '48578919592', 5, 'João Gabriel', 'Sá', False, False, '1978-10-08', 'F', '9975527940', 'kevinmonteiro@example.org', 'sx5L0GrFv@+U');
INSERT INTO Usuario (CPF, conta_bancaria, id_localizacao, nome, sobrenome, locador, locatario, data_nascimento, sexo, telefone, email, senha) VALUES ('68127509302', '69427111090', 6, 'Maysa', 'Melo', False, False, '1951-10-17', 'M', '9832201835', 'aparecidabenicio@example.com', 'jsZ2WSpx*KSP');
INSERT INTO Usuario (CPF, conta_bancaria, id_localizacao, nome, sobrenome, locador, locatario, data_nascimento, sexo, telefone, email, senha) VALUES ('30519764234', '48422940176', 7, 'Leandro', 'Nunes', True, True, '1996-12-20', 'F', '9577463998', 'viniciuspires@example.org', '@gdOVyUMUut1');
INSERT INTO Usuario (CPF, conta_bancaria, id_localizacao, nome, sobrenome, locador, locatario, data_nascimento, sexo, telefone, email, senha) VALUES ('50312496761', '14870142674', 8, 'Paulo', 'Cassiano', True, False, '1963-11-14', 'M', '9856452549', 'maria-eduarda29@example.com', 'K%sGJn!J*wX7');
INSERT INTO Usuario (CPF, conta_bancaria, id_localizacao, nome, sobrenome, locador, locatario, data_nascimento, sexo, telefone, email, senha) VALUES ('08456291315', '60851323363', 9, 'Benício', 'Moura', True, True, '2005-07-23', 'M', '9699976125', 'alexiasantos@example.org', 'N_58vL!s3E7@');
INSERT INTO Usuario (CPF, conta_bancaria, id_localizacao, nome, sobrenome, locador, locatario, data_nascimento, sexo, telefone, email, senha) VALUES ('91847350232', '14870142674', 10, 'Mariane', 'Novais', True, True, '1959-11-22', 'M', '9588526892', 'yurida-conceicao@example.net', '@0CNgZdq#TuY');
INSERT INTO Usuario (CPF, conta_bancaria, id_localizacao, nome, sobrenome, locador, locatario, data_nascimento, sexo, telefone, email, senha) VALUES ('98572401601', '14870142674', 11, 'Henry Gabriel', 'da Costa', True, True, '1996-01-26', 'M', '9953158763', 'osales@example.net', 'AtdHt7c*^2A@');
INSERT INTO Usuario (CPF, conta_bancaria, id_localizacao, nome, sobrenome, locador, locatario, data_nascimento, sexo, telefone, email, senha) VALUES ('40193278588', '26813794220', 12, 'Raul', 'Rocha', False, True, '2001-12-06', 'M', '9554995958', 'gabrielasousa@example.net', '&tYYv^EW6H2#');
INSERT INTO Usuario (CPF, conta_bancaria, id_localizacao, nome, sobrenome, locador, locatario, data_nascimento, sexo, telefone, email, senha) VALUES ('30476815207', '69427111090', 13, 'Bruno', 'Pacheco', False, False, '1947-05-07', 'M', '9852292299', 'henrique07@example.com', 'vIMJlqbp!f2F');
INSERT INTO Usuario (CPF, conta_bancaria, id_localizacao, nome, sobrenome, locador, locatario, data_nascimento, sexo, telefone, email, senha) VALUES ('68143029778', '60851323363', 14, 'Maria Fernanda', 'Costa', False, False, '1953-07-04', 'F', '9375668636', 'raquelandrade@example.net', 'r%3mIWbhGf(W');
INSERT INTO Usuario (CPF, conta_bancaria, id_localizacao, nome, sobrenome, locador, locatario, data_nascimento, sexo, telefone, email, senha) VALUES ('25743019860', '53195474443', 15, 'Caio', 'Moreira', False, False, '1977-11-20', 'F', '9175539951', 'salesmirella@example.net', '7^xf0de)&8TR');
INSERT INTO Propriedade (id_localizacao, nome, endereco, tipo, numero_quartos, numero_banheiros, preco_noite, min_noites, max_noites, max_hospedes, taxa_limpeza, horario_entrada, horario_saida, datas_disponiveis) VALUES (1, 'Camargo', 'Rodovia de Lima, 10', 'quarto compartilhado', 1, 1, 11800, 1, 8, 7, 13500, '2025-04-01 09:46:54', '2025-11-08 09:16:17', ARRAY[timestamp '2025-03-20 12:55:04', timestamp '2025-11-29 16:02:31', timestamp '2025-11-29 00:32:32', timestamp '2025-09-10 02:11:43', timestamp '2025-06-24 17:39:50', timestamp '2025-05-12 12:35:45', timestamp '2025-06-25 10:43:58', timestamp '2025-03-02 10:17:00', timestamp '2025-07-29 03:48:06', timestamp '2025-05-19 18:51:11', timestamp '2025-04-30 08:58:02', timestamp '2025-05-11 03:47:48', timestamp '2025-08-14 01:41:05', timestamp '2025-04-27 20:52:05', timestamp '2025-02-07 15:38:14']);
INSERT INTO Propriedade (id_localizacao, nome, endereco, tipo, numero_quartos, numero_banheiros, preco_noite, min_noites, max_noites, max_hospedes, taxa_limpeza, horario_entrada, horario_saida, datas_disponiveis) VALUES (2, 'Teixeira e Filhos', 'Rua Valentim Lima, 12', 'quarto compartilhado', 3, 3, 54500, 4, 26, 6, 11500, '2025-07-06 03:11:22', '2026-05-17 10:08:47', ARRAY[timestamp '2025-11-03 04:03:15', timestamp '2025-06-17 21:46:03', timestamp '2025-10-01 20:33:11', timestamp '2025-03-26 02:19:29', timestamp '2025-11-05 01:11:23', timestamp '2025-02-23 12:14:21', timestamp '2025-02-22 00:55:00', timestamp '2025-04-09 14:44:46', timestamp '2026-01-25 09:15:01', timestamp '2025-07-14 01:58:24', timestamp '2025-05-17 09:17:19', timestamp '2025-06-24 11:50:21', timestamp '2025-03-12 01:28:54', timestamp '2025-05-15 04:04:30', timestamp '2025-06-14 21:07:59']);
INSERT INTO Propriedade (id_localizacao, nome, endereco, tipo, numero_quartos, numero_banheiros, preco_noite, min_noites, max_noites, max_hospedes, taxa_limpeza, horario_entrada, horario_saida, datas_disponiveis) VALUES (3, 'da Conceição e Filhos', 'Campo Igor Garcia, 3', 'quarto individual', 2, 2, 16200, 1, 21, 9, 2600, '2025-04-10 12:01:59', '2025-10-11 16:26:26', ARRAY[timestamp '2025-04-21 21:55:45', timestamp '2025-05-23 16:17:15', timestamp '2025-08-01 09:03:04', timestamp '2025-04-08 01:41:04', timestamp '2025-11-29 00:56:47', timestamp '2026-01-02 00:55:23', timestamp '2025-08-15 03:27:47', timestamp '2025-04-05 18:04:47', timestamp '2025-08-27 01:06:06', timestamp '2025-06-07 02:40:09', timestamp '2025-05-20 21:38:14', timestamp '2025-02-10 11:49:42', timestamp '2025-06-23 21:47:39', timestamp '2026-01-13 22:21:38', timestamp '2025-03-22 08:47:00']);
INSERT INTO Propriedade (id_localizacao, nome, endereco, tipo, numero_quartos, numero_banheiros, preco_noite, min_noites, max_noites, max_hospedes, taxa_limpeza, horario_entrada, horario_saida, datas_disponiveis) VALUES (4, 'Rodrigues Ltda.', 'Viaduto Maya Melo, 97', 'quarto individual', 1, 3, 73300, 2, 18, 1, 12600, '2025-12-20 06:58:48', '2026-08-30 09:58:03', ARRAY[timestamp '2026-01-08 20:58:53', timestamp '2025-06-17 07:55:34', timestamp '2025-02-25 22:58:01', timestamp '2025-02-24 06:18:04', timestamp '2026-01-23 22:54:53', timestamp '2025-09-09 02:15:18', timestamp '2025-12-22 02:48:19', timestamp '2025-12-17 20:20:25', timestamp '2025-08-26 01:09:05', timestamp '2025-08-07 09:02:26', timestamp '2025-11-11 01:34:17', timestamp '2025-05-26 08:26:48', timestamp '2025-10-30 01:48:33', timestamp '2025-04-07 01:51:56', timestamp '2025-08-25 00:11:44']);
INSERT INTO Propriedade (id_localizacao, nome, endereco, tipo, numero_quartos, numero_banheiros, preco_noite, min_noites, max_noites, max_hospedes, taxa_limpeza, horario_entrada, horario_saida, datas_disponiveis) VALUES (5, 'da Luz', 'Rodovia de Barbosa, 58', 'quarto individual', 2, 1, 99000, 5, 18, 4, 18500, '2025-08-08 04:25:47', '2025-12-31 10:12:35', ARRAY[timestamp '2025-09-20 10:39:36', timestamp '2025-06-06 12:07:54', timestamp '2025-09-14 15:24:23', timestamp '2025-10-04 07:43:33', timestamp '2025-07-30 00:15:03', timestamp '2025-11-20 01:42:23', timestamp '2025-04-13 06:29:19', timestamp '2025-05-01 10:00:59', timestamp '2025-06-06 09:04:05', timestamp '2025-11-30 09:58:15', timestamp '2025-02-01 05:26:02', timestamp '2025-10-29 20:01:09', timestamp '2025-04-30 08:15:23', timestamp '2025-12-09 20:50:11', timestamp '2025-02-03 01:16:50']);
INSERT INTO Propriedade (id_localizacao, nome, endereco, tipo, numero_quartos, numero_banheiros, preco_noite, min_noites, max_noites, max_hospedes, taxa_limpeza, horario_entrada, horario_saida, datas_disponiveis) VALUES (6, 'Lopes Ltda.', 'Ladeira Gustavo Rocha, 263', 'quarto compartilhado', 3, 2, 15100, 1, 5, 6, 2700, '2025-10-31 16:49:06', '2026-05-20 16:29:24', ARRAY[timestamp '2025-06-10 15:16:40', timestamp '2025-07-18 17:07:29', timestamp '2025-06-09 09:00:50', timestamp '2025-11-23 19:16:05', timestamp '2025-06-06 21:58:13', timestamp '2025-05-24 02:00:35', timestamp '2025-06-22 20:46:05', timestamp '2025-05-28 20:10:32', timestamp '2025-06-30 14:33:44', timestamp '2025-10-10 09:50:04', timestamp '2025-04-20 12:34:42', timestamp '2025-12-07 04:35:33', timestamp '2025-08-09 00:21:33', timestamp '2025-07-11 06:01:01', timestamp '2025-04-30 01:11:30']);
INSERT INTO Propriedade (id_localizacao, nome, endereco, tipo, numero_quartos, numero_banheiros, preco_noite, min_noites, max_noites, max_hospedes, taxa_limpeza, horario_entrada, horario_saida, datas_disponiveis) VALUES (7, 'Montenegro', 'Área Davi Lucas Sá, 5', 'casa inteira', 5, 2, 77200, 1, 21, 1, 18000, '2025-02-02 07:20:05', '2025-10-18 19:37:02', ARRAY[timestamp '2025-09-23 15:13:03', timestamp '2025-11-03 18:41:31', timestamp '2026-01-14 02:52:39', timestamp '2025-03-12 11:48:25', timestamp '2025-03-09 18:43:03', timestamp '2025-04-28 14:34:38', timestamp '2025-12-21 20:49:21', timestamp '2025-07-07 10:15:55', timestamp '2025-07-17 02:50:58', timestamp '2025-09-21 20:23:08', timestamp '2025-09-10 11:25:49', timestamp '2025-04-08 20:44:26', timestamp '2025-12-29 19:47:51', timestamp '2026-01-01 11:25:24', timestamp '2025-03-05 15:43:42']);
INSERT INTO Propriedade (id_localizacao, nome, endereco, tipo, numero_quartos, numero_banheiros, preco_noite, min_noites, max_noites, max_hospedes, taxa_limpeza, horario_entrada, horario_saida, datas_disponiveis) VALUES (8, 'Martins Moraes - EI', 'Rodovia de Nogueira, 507', 'quarto compartilhado', 4, 1, 86800, 3, 7, 2, 7800, '2025-07-22 19:56:00', '2025-12-23 12:52:03', ARRAY[timestamp '2025-09-29 09:56:23', timestamp '2025-06-18 01:26:14', timestamp '2025-04-27 20:58:23', timestamp '2026-01-21 07:05:07', timestamp '2025-04-13 11:25:53', timestamp '2025-12-16 08:33:10', timestamp '2025-05-23 01:04:01', timestamp '2025-02-09 16:02:53', timestamp '2025-03-30 10:56:13', timestamp '2025-06-19 03:22:04', timestamp '2026-01-17 07:45:06', timestamp '2025-07-12 01:11:34', timestamp '2025-11-27 01:05:08', timestamp '2025-12-14 19:00:44', timestamp '2025-08-05 16:32:09']);
INSERT INTO Propriedade (id_localizacao, nome, endereco, tipo, numero_quartos, numero_banheiros, preco_noite, min_noites, max_noites, max_hospedes, taxa_limpeza, horario_entrada, horario_saida, datas_disponiveis) VALUES (9, 'da Cunha', 'Viela Esther da Rosa, 33', 'casa inteira', 2, 1, 61300, 2, 16, 4, 18500, '2025-12-14 15:29:03', '2026-02-17 12:33:05', ARRAY[timestamp '2025-08-11 20:39:50', timestamp '2025-04-09 02:22:19', timestamp '2026-01-26 12:29:31', timestamp '2025-08-11 03:44:37', timestamp '2025-05-20 07:44:44', timestamp '2025-11-29 06:43:49', timestamp '2025-07-29 12:21:10', timestamp '2025-06-30 22:31:42', timestamp '2025-11-17 03:44:24', timestamp '2025-11-23 13:04:14', timestamp '2025-10-09 10:44:02', timestamp '2025-06-23 18:19:34', timestamp '2026-01-04 15:21:18', timestamp '2025-10-01 04:55:01', timestamp '2025-07-28 03:09:07']);
INSERT INTO Propriedade (id_localizacao, nome, endereco, tipo, numero_quartos, numero_banheiros, preco_noite, min_noites, max_noites, max_hospedes, taxa_limpeza, horario_entrada, horario_saida, datas_disponiveis) VALUES (10, 'Farias Sá Ltda.', 'Colônia Gustavo Rodrigues, 407', 'casa inteira', 2, 2, 11600, 5, 21, 1, 6100, '2025-09-23 12:37:43', '2026-04-07 07:51:51', ARRAY[timestamp '2025-12-07 05:56:13', timestamp '2025-11-21 14:44:20', timestamp '2025-03-18 16:31:46', timestamp '2025-04-12 18:37:28', timestamp '2025-12-18 16:13:43', timestamp '2025-07-26 01:41:45', timestamp '2025-11-28 01:44:55', timestamp '2025-06-13 08:21:58', timestamp '2025-03-19 21:16:45', timestamp '2025-12-21 14:40:32', timestamp '2025-07-20 16:00:19', timestamp '2025-03-11 21:16:07', timestamp '2025-06-24 13:57:28', timestamp '2025-10-03 22:35:58', timestamp '2025-09-20 11:47:54']);
INSERT INTO Propriedade (id_localizacao, nome, endereco, tipo, numero_quartos, numero_banheiros, preco_noite, min_noites, max_noites, max_hospedes, taxa_limpeza, horario_entrada, horario_saida, datas_disponiveis) VALUES (11, 'Cavalcante Moura - ME', 'Morro Nunes, 99', 'casa inteira', 2, 1, 64000, 1, 23, 7, 1700, '2025-03-09 05:21:45', '2025-04-04 14:22:51', ARRAY[timestamp '2025-04-21 07:05:23', timestamp '2025-05-25 16:38:59', timestamp '2025-12-19 10:50:10', timestamp '2025-07-27 10:16:32', timestamp '2025-05-21 10:56:13', timestamp '2025-07-27 12:01:02', timestamp '2025-04-03 01:38:30', timestamp '2025-05-29 14:08:16', timestamp '2025-11-13 18:58:21', timestamp '2025-10-30 19:52:16', timestamp '2025-06-09 07:33:43', timestamp '2026-01-12 16:46:49', timestamp '2025-10-22 18:50:04', timestamp '2025-12-19 10:19:13', timestamp '2025-06-27 21:38:51']);
INSERT INTO Propriedade (id_localizacao, nome, endereco, tipo, numero_quartos, numero_banheiros, preco_noite, min_noites, max_noites, max_hospedes, taxa_limpeza, horario_entrada, horario_saida, datas_disponiveis) VALUES (12, 'da Luz', 'Núcleo Caio Campos, 20', 'casa inteira', 5, 3, 88900, 5, 28, 10, 13500, '2025-03-08 10:13:29', '2025-05-26 23:39:47', ARRAY[timestamp '2026-01-15 02:36:08', timestamp '2025-07-20 08:32:49', timestamp '2025-08-15 13:25:09', timestamp '2025-11-26 10:06:43', timestamp '2025-11-06 01:01:26', timestamp '2025-06-18 10:42:54', timestamp '2025-12-01 07:44:48', timestamp '2025-11-19 08:06:38', timestamp '2025-02-19 07:07:43', timestamp '2025-05-19 06:42:42', timestamp '2025-07-13 04:06:19', timestamp '2026-01-28 21:32:30', timestamp '2025-12-20 04:18:04', timestamp '2025-05-13 01:27:32', timestamp '2025-03-27 11:10:30']);
INSERT INTO Propriedade (id_localizacao, nome, endereco, tipo, numero_quartos, numero_banheiros, preco_noite, min_noites, max_noites, max_hospedes, taxa_limpeza, horario_entrada, horario_saida, datas_disponiveis) VALUES (13, 'Borges', 'Favela de Siqueira', 'casa inteira', 3, 2, 16400, 3, 24, 8, 10800, '2025-08-06 12:45:49', '2026-03-20 04:34:42', ARRAY[timestamp '2025-06-13 06:31:03', timestamp '2025-02-25 12:24:45', timestamp '2025-07-08 19:38:20', timestamp '2025-12-14 20:37:24', timestamp '2025-04-21 13:19:26', timestamp '2025-12-07 11:54:21', timestamp '2025-05-10 19:50:24', timestamp '2025-12-23 12:29:03', timestamp '2025-12-05 16:26:21', timestamp '2025-04-26 20:42:59', timestamp '2025-09-11 02:51:28', timestamp '2026-01-03 21:30:44', timestamp '2025-08-08 11:03:03', timestamp '2025-11-14 17:15:29', timestamp '2025-04-25 16:44:28']);
INSERT INTO Propriedade (id_localizacao, nome, endereco, tipo, numero_quartos, numero_banheiros, preco_noite, min_noites, max_noites, max_hospedes, taxa_limpeza, horario_entrada, horario_saida, datas_disponiveis) VALUES (14, 'Guerra', 'Largo Arthur Gabriel Barbosa', 'quarto individual', 5, 3, 16800, 3, 12, 8, 12900, '2025-07-27 11:54:10', '2026-02-17 09:17:56', ARRAY[timestamp '2025-03-17 15:01:18', timestamp '2025-03-21 01:27:44', timestamp '2025-04-22 06:21:35', timestamp '2026-01-10 11:01:05', timestamp '2025-11-15 05:48:47', timestamp '2026-01-05 08:37:25', timestamp '2025-11-01 03:34:28', timestamp '2025-05-12 17:44:06', timestamp '2026-01-27 04:30:26', timestamp '2025-02-20 05:09:00', timestamp '2025-12-22 05:15:55', timestamp '2025-10-26 01:07:39', timestamp '2025-10-22 15:01:08', timestamp '2025-05-08 01:12:50', timestamp '2025-09-03 20:14:42']);
INSERT INTO Propriedade (id_localizacao, nome, endereco, tipo, numero_quartos, numero_banheiros, preco_noite, min_noites, max_noites, max_hospedes, taxa_limpeza, horario_entrada, horario_saida, datas_disponiveis) VALUES (15, 'Lopes', 'Avenida de Martins, 5', 'casa inteira', 2, 2, 17300, 2, 13, 6, 9800, '2026-01-23 16:37:37', '2027-01-03 21:26:59', ARRAY[timestamp '2025-03-09 10:30:19', timestamp '2025-10-23 07:50:26', timestamp '2025-05-07 08:48:06', timestamp '2025-05-22 22:13:23', timestamp '2025-02-02 08:11:08', timestamp '2025-04-09 16:25:28', timestamp '2025-07-09 06:02:36', timestamp '2025-10-28 19:35:22', timestamp '2025-11-11 00:41:05', timestamp '2025-11-04 14:04:48', timestamp '2025-03-13 15:25:24', timestamp '2025-02-01 14:03:52', timestamp '2025-12-17 10:46:34', timestamp '2025-10-15 21:01:32', timestamp '2025-02-15 01:18:28']);
INSERT INTO Quarto (id_propriedade, numero_camas, tipo_cama, banheiro_privativo) VALUES (1, 3, 'Casal', True);
INSERT INTO Quarto (id_propriedade, numero_camas, tipo_cama, banheiro_privativo) VALUES (2, 3, 'Queen', False);
INSERT INTO Quarto (id_propriedade, numero_camas, tipo_cama, banheiro_privativo) VALUES (3, 1, 'Solteiro', False);
INSERT INTO Quarto (id_propriedade, numero_camas, tipo_cama, banheiro_privativo) VALUES (4, 3, 'King', False);
INSERT INTO Quarto (id_propriedade, numero_camas, tipo_cama, banheiro_privativo) VALUES (5, 3, 'Solteiro', True);
INSERT INTO Quarto (id_propriedade, numero_camas, tipo_cama, banheiro_privativo) VALUES (6, 3, 'Solteiro', True);
INSERT INTO Quarto (id_propriedade, numero_camas, tipo_cama, banheiro_privativo) VALUES (7, 3, 'Solteiro', False);
INSERT INTO Quarto (id_propriedade, numero_camas, tipo_cama, banheiro_privativo) VALUES (8, 4, 'Queen', False);
INSERT INTO Quarto (id_propriedade, numero_camas, tipo_cama, banheiro_privativo) VALUES (9, 4, 'Queen', True);
INSERT INTO Quarto (id_propriedade, numero_camas, tipo_cama, banheiro_privativo) VALUES (10, 2, 'King', False);
INSERT INTO Quarto (id_propriedade, numero_camas, tipo_cama, banheiro_privativo) VALUES (11, 3, 'Queen', True);
INSERT INTO Quarto (id_propriedade, numero_camas, tipo_cama, banheiro_privativo) VALUES (12, 1, 'King', True);
INSERT INTO Quarto (id_propriedade, numero_camas, tipo_cama, banheiro_privativo) VALUES (13, 4, 'Casal', True);
INSERT INTO Quarto (id_propriedade, numero_camas, tipo_cama, banheiro_privativo) VALUES (14, 3, 'Solteiro', False);
INSERT INTO Quarto (id_propriedade, numero_camas, tipo_cama, banheiro_privativo) VALUES (15, 1, 'Casal', True);
INSERT INTO Mensagem (CPF_remetente, CPF_destinatario, texto) VALUES ('25490837179', '28346709510', 'Laborum nostrum at maxime totam temporibus ad. Hic atque quia tenetur veniam error. Nulla laborum nemo ad.
Doloribus minima suscipit ratione cumque asperiores. Dolor neque tempore aut.');
INSERT INTO Mensagem (CPF_remetente, CPF_destinatario, texto) VALUES ('25490837179', '28346709510', 'Iste temporibus illo voluptatem. Maiores non laborum odit.
Alias nobis dolore perspiciatis aperiam. Sed voluptates debitis reiciendis impedit. Voluptatum sed eligendi perspiciatis dolore impedit.');
INSERT INTO Mensagem (CPF_remetente, CPF_destinatario, texto) VALUES ('25490837179', '28346709510', 'Hic commodi sapiente. Corrupti enim hic incidunt beatae.
Quo reprehenderit quam numquam iste ducimus. Ipsam consequatur nisi quaerat rem. Explicabo voluptate officiis natus nemo hic ut perspiciatis.');
INSERT INTO Mensagem (CPF_remetente, CPF_destinatario, texto) VALUES ('25490837179', '28346709510', 'Pariatur eum provident asperiores debitis. Facere doloribus dolore corrupti tenetur incidunt.');
INSERT INTO Mensagem (CPF_remetente, CPF_destinatario, texto) VALUES ('25490837179', '28346709510', 'Quasi earum voluptas ratione esse. Fugiat dolorem facere possimus excepturi adipisci eveniet.');
INSERT INTO Mensagem (CPF_remetente, CPF_destinatario, texto) VALUES ('25490837179', '28346709510', 'Iure expedita similique recusandae laudantium unde modi. Eos et reiciendis laudantium delectus non quaerat.');
INSERT INTO Mensagem (CPF_remetente, CPF_destinatario, texto) VALUES ('25490837179', '28346709510', 'Asperiores reprehenderit culpa corporis quis. Quis amet at omnis quibusdam. Ratione magnam cupiditate fugit cum.');
INSERT INTO Mensagem (CPF_remetente, CPF_destinatario, texto) VALUES ('25490837179', '28346709510', 'Eos fugit libero. Suscipit accusantium sit quod labore. Qui nulla tempora.
Consequuntur quidem voluptatibus perferendis. Sapiente dolorem ullam voluptate voluptatum iure dolorum.');
INSERT INTO Mensagem (CPF_remetente, CPF_destinatario, texto) VALUES ('25490837179', '28346709510', 'Amet quos similique reprehenderit at voluptates minus. Quam illum pariatur sint.');
INSERT INTO Mensagem (CPF_remetente, CPF_destinatario, texto) VALUES ('25490837179', '28346709510', 'Aliquam nulla eius illo non rerum. Saepe numquam atque saepe sint voluptate.
Minima sapiente perferendis saepe. Exercitationem ratione ab et et natus. Ipsum eos suscipit harum.');
INSERT INTO Mensagem (CPF_remetente, CPF_destinatario, texto) VALUES ('25490837179', '28346709510', 'Consequatur ipsam eos in quaerat. Veniam explicabo modi ab minus repellat ullam.
Ea laboriosam debitis dolorum.');
INSERT INTO Mensagem (CPF_remetente, CPF_destinatario, texto) VALUES ('25490837179', '28346709510', 'Fugit dicta voluptatibus rerum debitis. Nihil maiores ex eius porro facilis officiis.');
INSERT INTO Mensagem (CPF_remetente, CPF_destinatario, texto) VALUES ('25490837179', '28346709510', 'Recusandae quidem architecto quaerat et. Soluta sint veniam eveniet nulla tenetur.
Reprehenderit eius tempora. Id quibusdam iusto aliquam vitae ab rem.');
INSERT INTO Mensagem (CPF_remetente, CPF_destinatario, texto) VALUES ('25490837179', '28346709510', 'Deleniti similique autem optio saepe. Nisi aliquid minima optio debitis culpa libero. Ea error similique voluptatem.');
INSERT INTO Mensagem (CPF_remetente, CPF_destinatario, texto) VALUES ('25490837179', '28346709510', 'Ipsum consequatur ad beatae eligendi quidem et.');
INSERT INTO Avaliacao (id_mensagem, id_propriedade, classificacao_limpeza, classificacao_estrutura, nota_comunicacao, nota_localizacao, nota_valor) VALUES (1, 1, 1, 0, 10, 9, 5);
INSERT INTO Avaliacao (id_mensagem, id_propriedade, classificacao_limpeza, classificacao_estrutura, nota_comunicacao, nota_localizacao, nota_valor) VALUES (2, 2, 4, 0, 0, 10, 10);
INSERT INTO Avaliacao (id_mensagem, id_propriedade, classificacao_limpeza, classificacao_estrutura, nota_comunicacao, nota_localizacao, nota_valor) VALUES (3, 3, 3, 1, 0, 5, 1);
INSERT INTO Avaliacao (id_mensagem, id_propriedade, classificacao_limpeza, classificacao_estrutura, nota_comunicacao, nota_localizacao, nota_valor) VALUES (4, 4, 0, 4, 3, 4, 8);
INSERT INTO Avaliacao (id_mensagem, id_propriedade, classificacao_limpeza, classificacao_estrutura, nota_comunicacao, nota_localizacao, nota_valor) VALUES (5, 5, 1, 2, 2, 4, 1);
INSERT INTO Avaliacao (id_mensagem, id_propriedade, classificacao_limpeza, classificacao_estrutura, nota_comunicacao, nota_localizacao, nota_valor) VALUES (6, 6, 4, 4, 4, 6, 8);
INSERT INTO Avaliacao (id_mensagem, id_propriedade, classificacao_limpeza, classificacao_estrutura, nota_comunicacao, nota_localizacao, nota_valor) VALUES (7, 7, 5, 3, 4, 0, 1);
INSERT INTO Avaliacao (id_mensagem, id_propriedade, classificacao_limpeza, classificacao_estrutura, nota_comunicacao, nota_localizacao, nota_valor) VALUES (8, 8, 5, 4, 9, 10, 5);
INSERT INTO Avaliacao (id_mensagem, id_propriedade, classificacao_limpeza, classificacao_estrutura, nota_comunicacao, nota_localizacao, nota_valor) VALUES (9, 9, 5, 0, 7, 6, 10);
INSERT INTO Avaliacao (id_mensagem, id_propriedade, classificacao_limpeza, classificacao_estrutura, nota_comunicacao, nota_localizacao, nota_valor) VALUES (10, 10, 1, 3, 6, 6, 7);
INSERT INTO Avaliacao (id_mensagem, id_propriedade, classificacao_limpeza, classificacao_estrutura, nota_comunicacao, nota_localizacao, nota_valor) VALUES (11, 11, 5, 4, 8, 9, 0);
INSERT INTO Avaliacao (id_mensagem, id_propriedade, classificacao_limpeza, classificacao_estrutura, nota_comunicacao, nota_localizacao, nota_valor) VALUES (12, 12, 3, 0, 9, 3, 6);
INSERT INTO Avaliacao (id_mensagem, id_propriedade, classificacao_limpeza, classificacao_estrutura, nota_comunicacao, nota_localizacao, nota_valor) VALUES (13, 13, 3, 1, 3, 1, 6);
INSERT INTO Avaliacao (id_mensagem, id_propriedade, classificacao_limpeza, classificacao_estrutura, nota_comunicacao, nota_localizacao, nota_valor) VALUES (14, 14, 2, 2, 9, 3, 1);
INSERT INTO Avaliacao (id_mensagem, id_propriedade, classificacao_limpeza, classificacao_estrutura, nota_comunicacao, nota_localizacao, nota_valor) VALUES (15, 15, 5, 1, 8, 0, 6);
INSERT INTO Reserva (CPF_locatario, CPF_locador, id_propriedade, data_reserva, data_checkin, data_checkout, numero_hospedes, imposto, preco_total_estadia, preco_total_imposto_limpeza, status) VALUES ('25490837179', '28346709510', 1, '2025-06-28 21:16:10', '2026-03-31 11:27:37', '2026-11-08 21:36:40', 2, 25400, 138000, 55500, True);
INSERT INTO Reserva (CPF_locatario, CPF_locador, id_propriedade, data_reserva, data_checkin, data_checkout, numero_hospedes, imposto, preco_total_estadia, preco_total_imposto_limpeza, status) VALUES ('28346709510', '58427396074', 2, '2025-08-29 03:38:13', '2026-05-05 08:09:53', '2026-12-20 01:13:22', 4, 16400, 417200, 63000, False);
INSERT INTO Reserva (CPF_locatario, CPF_locador, id_propriedade, data_reserva, data_checkin, data_checkout, numero_hospedes, imposto, preco_total_estadia, preco_total_imposto_limpeza, status) VALUES ('58427396074', '48293167564', 3, '2025-12-17 08:48:48', '2026-01-10 10:42:49', '2026-03-25 01:18:59', 3, 12600, 260500, 32700, False);
INSERT INTO Reserva (CPF_locatario, CPF_locador, id_propriedade, data_reserva, data_checkin, data_checkout, numero_hospedes, imposto, preco_total_estadia, preco_total_imposto_limpeza, status) VALUES ('48293167564', '72150689430', 4, '2025-07-15 04:51:27', '2026-07-01 13:17:42', '2026-08-12 19:07:04', 5, 47700, 62700, 42100, False);
INSERT INTO Reserva (CPF_locatario, CPF_locador, id_propriedade, data_reserva, data_checkin, data_checkout, numero_hospedes, imposto, preco_total_estadia, preco_total_imposto_limpeza, status) VALUES ('72150689430', '68127509302', 5, '2025-06-24 05:43:11', '2025-10-11 08:53:55', '2026-08-21 05:21:19', 4, 1200, 217400, 93900, True);
INSERT INTO Reserva (CPF_locatario, CPF_locador, id_propriedade, data_reserva, data_checkin, data_checkout, numero_hospedes, imposto, preco_total_estadia, preco_total_imposto_limpeza, status) VALUES ('68127509302', '30519764234', 6, '2025-12-03 05:22:03', '2026-03-13 14:51:35', '2026-09-14 15:43:15', 5, 48400, 446000, 83200, True);
INSERT INTO Reserva (CPF_locatario, CPF_locador, id_propriedade, data_reserva, data_checkin, data_checkout, numero_hospedes, imposto, preco_total_estadia, preco_total_imposto_limpeza, status) VALUES ('30519764234', '50312496761', 7, '2025-10-01 15:32:45', '2025-11-24 07:00:08', '2026-04-02 22:49:22', 4, 35000, 304800, 97800, False);
INSERT INTO Reserva (CPF_locatario, CPF_locador, id_propriedade, data_reserva, data_checkin, data_checkout, numero_hospedes, imposto, preco_total_estadia, preco_total_imposto_limpeza, status) VALUES ('50312496761', '08456291315', 8, '2025-08-06 11:42:53', '2025-12-17 23:28:29', '2026-09-18 12:51:35', 2, 24800, 28900, 64800, True);
INSERT INTO Reserva (CPF_locatario, CPF_locador, id_propriedade, data_reserva, data_checkin, data_checkout, numero_hospedes, imposto, preco_total_estadia, preco_total_imposto_limpeza, status) VALUES ('08456291315', '91847350232', 9, '2025-02-15 09:15:20', '2025-04-28 04:26:16', '2026-02-15 17:35:18', 3, 46600, 308600, 54600, False);
INSERT INTO Reserva (CPF_locatario, CPF_locador, id_propriedade, data_reserva, data_checkin, data_checkout, numero_hospedes, imposto, preco_total_estadia, preco_total_imposto_limpeza, status) VALUES ('91847350232', '98572401601', 10, '2025-04-08 15:06:35', '2025-09-07 02:19:42', '2026-04-20 21:09:36', 5, 3400, 355700, 78500, True);
INSERT INTO Reserva (CPF_locatario, CPF_locador, id_propriedade, data_reserva, data_checkin, data_checkout, numero_hospedes, imposto, preco_total_estadia, preco_total_imposto_limpeza, status) VALUES ('98572401601', '40193278588', 11, '2025-12-02 08:13:37', '2026-05-26 11:50:15', '2027-03-28 00:13:29', 4, 1500, 264000, 11200, True);
INSERT INTO Reserva (CPF_locatario, CPF_locador, id_propriedade, data_reserva, data_checkin, data_checkout, numero_hospedes, imposto, preco_total_estadia, preco_total_imposto_limpeza, status) VALUES ('40193278588', '30476815207', 12, '2025-06-02 13:18:31', '2026-05-03 21:18:28', '2027-03-10 14:15:40', 5, 38000, 52500, 49600, True);
INSERT INTO Reserva (CPF_locatario, CPF_locador, id_propriedade, data_reserva, data_checkin, data_checkout, numero_hospedes, imposto, preco_total_estadia, preco_total_imposto_limpeza, status) VALUES ('30476815207', '68143029778', 13, '2025-12-29 01:49:34', '2026-12-10 01:19:46', '2027-08-28 04:05:28', 2, 33400, 226900, 29600, False);
INSERT INTO Reserva (CPF_locatario, CPF_locador, id_propriedade, data_reserva, data_checkin, data_checkout, numero_hospedes, imposto, preco_total_estadia, preco_total_imposto_limpeza, status) VALUES ('68143029778', '25743019860', 14, '2026-01-22 09:06:14', '2026-02-17 01:48:58', '2026-07-20 05:22:28', 4, 49200, 326100, 42600, False);
INSERT INTO Reserva (CPF_locatario, CPF_locador, id_propriedade, data_reserva, data_checkin, data_checkout, numero_hospedes, imposto, preco_total_estadia, preco_total_imposto_limpeza, status) VALUES ('25743019860', '25490837179', 15, '2026-01-03 21:56:50', '2026-02-26 09:43:10', '2027-02-22 15:06:20', 1, 40500, 84400, 70700, True);
INSERT INTO PontoDeInteresse (id_localizacao, nome) VALUES (1, 'Campos Cunha Ltda.');
INSERT INTO PontoDeInteresse (id_localizacao, nome) VALUES (2, 'Guerra');
INSERT INTO PontoDeInteresse (id_localizacao, nome) VALUES (3, 'Rocha');
INSERT INTO PontoDeInteresse (id_localizacao, nome) VALUES (4, 'Silveira Ltda.');
INSERT INTO PontoDeInteresse (id_localizacao, nome) VALUES (5, 'Silva S/A');
INSERT INTO PontoDeInteresse (id_localizacao, nome) VALUES (6, 'Viana e Filhos');
INSERT INTO PontoDeInteresse (id_localizacao, nome) VALUES (7, 'Souza');
INSERT INTO PontoDeInteresse (id_localizacao, nome) VALUES (8, 'Lima');
INSERT INTO PontoDeInteresse (id_localizacao, nome) VALUES (9, 'Santos Cunha e Filhos');
INSERT INTO PontoDeInteresse (id_localizacao, nome) VALUES (10, 'Nascimento Silva - EI');
INSERT INTO PontoDeInteresse (id_localizacao, nome) VALUES (11, 'Oliveira');
INSERT INTO PontoDeInteresse (id_localizacao, nome) VALUES (12, 'Garcia Ltda.');
INSERT INTO PontoDeInteresse (id_localizacao, nome) VALUES (13, 'Peixoto');
INSERT INTO PontoDeInteresse (id_localizacao, nome) VALUES (14, 'Vieira');
INSERT INTO PontoDeInteresse (id_localizacao, nome) VALUES (15, 'Souza');
