INSERT INTO ContaBancaria (numero_conta, agencia, tipo_conta) VALUES ('24178626535', '33011181', 'Corrente');
INSERT INTO ContaBancaria (numero_conta, agencia, tipo_conta) VALUES ('50036066862', '90135946', 'Corrente');
INSERT INTO ContaBancaria (numero_conta, agencia, tipo_conta) VALUES ('13663661393', '62414667', 'Corrente');
INSERT INTO ContaBancaria (numero_conta, agencia, tipo_conta) VALUES ('10771799888', '68749096', 'Poupança');
INSERT INTO ContaBancaria (numero_conta, agencia, tipo_conta) VALUES ('21061143591', '22298957', 'Poupança');
INSERT INTO ContaBancaria (numero_conta, agencia, tipo_conta) VALUES ('16917387291', '41993060', 'Poupança');
INSERT INTO ContaBancaria (numero_conta, agencia, tipo_conta) VALUES ('54016830863', '10392539', 'Corrente');
INSERT INTO ContaBancaria (numero_conta, agencia, tipo_conta) VALUES ('22395095722', '28650096', 'Poupança');
INSERT INTO ContaBancaria (numero_conta, agencia, tipo_conta) VALUES ('14522473333', '94831962', 'Poupança');
INSERT INTO ContaBancaria (numero_conta, agencia, tipo_conta) VALUES ('31099709711', '58709074', 'Corrente');
INSERT INTO ContaBancaria (numero_conta, agencia, tipo_conta) VALUES ('31810468192', '65137135', 'Corrente');
INSERT INTO ContaBancaria (numero_conta, agencia, tipo_conta) VALUES ('58633362244', '95887755', 'Poupança');
INSERT INTO ContaBancaria (numero_conta, agencia, tipo_conta) VALUES ('47187068244', '63115998', 'Corrente');
INSERT INTO ContaBancaria (numero_conta, agencia, tipo_conta) VALUES ('63604949710', '11343694', 'Poupança');
INSERT INTO ContaBancaria (numero_conta, agencia, tipo_conta) VALUES ('69394944970', '27433557', 'Corrente');
INSERT INTO Localizacao (cep, cidade, estado, pais, bairro) VALUES ('58455021', 'Ribeiro das Flores', 'BA', 'Brasil', 'Vila Suzana Segunda Seção');
INSERT INTO Localizacao (cep, cidade, estado, pais, bairro) VALUES ('90286588', 'da Rocha', 'MS', 'Brasil', 'Luxemburgo');
INSERT INTO Localizacao (cep, cidade, estado, pais, bairro) VALUES ('16169477', 'Rios', 'PB', 'Brasil', 'Savassi');
INSERT INTO Localizacao (cep, cidade, estado, pais, bairro) VALUES ('13650444', 'Pastor da Prata', 'PE', 'Brasil', 'Vila Nossa Senhora Do Rosário');
INSERT INTO Localizacao (cep, cidade, estado, pais, bairro) VALUES ('84398478', 'Duarte do Campo', 'MS', 'Brasil', 'Marajó');
INSERT INTO Localizacao (cep, cidade, estado, pais, bairro) VALUES ('07689600', 'Souza', 'PB', 'Brasil', 'Estoril');
INSERT INTO Localizacao (cep, cidade, estado, pais, bairro) VALUES ('61675911', 'Marques da Prata', 'DF', 'Brasil', 'João Alfredo');
INSERT INTO Localizacao (cep, cidade, estado, pais, bairro) VALUES ('32094251', 'Novais', 'GO', 'Brasil', 'Dom Silverio');
INSERT INTO Localizacao (cep, cidade, estado, pais, bairro) VALUES ('04608861', 'Oliveira', 'RN', 'Brasil', 'Monsenhor Messias');
INSERT INTO Localizacao (cep, cidade, estado, pais, bairro) VALUES ('25756578', 'Silva', 'AP', 'Brasil', 'João Alfredo');
INSERT INTO Localizacao (cep, cidade, estado, pais, bairro) VALUES ('96470169', 'Garcia do Amparo', 'PI', 'Brasil', 'Campo Alegre');
INSERT INTO Localizacao (cep, cidade, estado, pais, bairro) VALUES ('74864934', 'Cirino', 'BA', 'Brasil', 'Piratininga');
INSERT INTO Localizacao (cep, cidade, estado, pais, bairro) VALUES ('02295339', 'Viana de da Conceição', 'MS', 'Brasil', 'Vila Santa Monica 2ª Seção');
INSERT INTO Localizacao (cep, cidade, estado, pais, bairro) VALUES ('62434291', 'Gomes da Mata', 'PR', 'Brasil', 'São João Batista');
INSERT INTO Localizacao (cep, cidade, estado, pais, bairro) VALUES ('27594671', 'Pacheco', 'RR', 'Brasil', 'Vila Novo São Lucas');
INSERT INTO Usuario (CPF, conta_bancaria, id_localizacao, nome, sobrenome, data_nascimento, sexo, telefone, email, senha) VALUES ('62870451911', '50036066862', 1, 'Isabella', 'Montenegro', '1978-03-27', 'F', '9721927154', 'mayanovais@example.com', '$3F3KyvF#56M');
INSERT INTO Usuario (CPF, conta_bancaria, id_localizacao, nome, sobrenome, data_nascimento, sexo, telefone, email, senha) VALUES ('34915627080', '22395095722', 2, 'Mateus', 'Vieira', '1998-11-15', 'M', '9491701605', 'machadofernanda@example.net', '(a9D+n5^31DM');
INSERT INTO Usuario (CPF, conta_bancaria, id_localizacao, nome, sobrenome, data_nascimento, sexo, telefone, email, senha) VALUES ('57302416826', '54016830863', 3, 'Marina', 'Mendes', '1978-05-14', 'F', '9526126344', 'vasconcelosbenjamim@example.org', 'GGZViLT27%0S');
INSERT INTO Usuario (CPF, conta_bancaria, id_localizacao, nome, sobrenome, data_nascimento, sexo, telefone, email, senha) VALUES ('39458612098', '47187068244', 4, 'Cecília', 'Farias', '2007-04-10', 'F', '9651433904', 'fariasrenan@example.com', '%4x+GvSy6K0!');
INSERT INTO Usuario (CPF, conta_bancaria, id_localizacao, nome, sobrenome, data_nascimento, sexo, telefone, email, senha) VALUES ('73014625906', '31810468192', 5, 'Theo', 'Campos', '1967-06-09', 'F', '9891574962', 'barbosamaria-isis@example.net', 'DlqlpBPu!67^');
INSERT INTO Usuario (CPF, conta_bancaria, id_localizacao, nome, sobrenome, data_nascimento, sexo, telefone, email, senha) VALUES ('41238056717', '58633362244', 6, 'Pietro', 'da Mota', '1958-01-23', 'F', '9282945301', 'mviana@example.org', '%6JXOvJz2*nu');
INSERT INTO Usuario (CPF, conta_bancaria, id_localizacao, nome, sobrenome, data_nascimento, sexo, telefone, email, senha) VALUES ('74198320560', '63604949710', 7, 'Maitê', 'Cavalcanti', '1997-06-27', 'M', '9187119473', 'rodriguesfrancisco@example.net', 'Z48G5tTe6)xE');
INSERT INTO Usuario (CPF, conta_bancaria, id_localizacao, nome, sobrenome, data_nascimento, sexo, telefone, email, senha) VALUES ('61924580730', '24178626535', 8, 'Rebeca', 'da Paz', '1955-03-18', 'M', '9330800600', 'goncalvesmaria-eduarda@example.net', 'ej9HM^*ybT$T');
INSERT INTO Usuario (CPF, conta_bancaria, id_localizacao, nome, sobrenome, data_nascimento, sexo, telefone, email, senha) VALUES ('85496203783', '47187068244', 9, 'Eloá', 'Teixeira', '1984-10-18', 'F', '9137781485', 'lda-rosa@example.org', '#VHEYh!mV1pq');
INSERT INTO Usuario (CPF, conta_bancaria, id_localizacao, nome, sobrenome, data_nascimento, sexo, telefone, email, senha) VALUES ('92615047361', '21061143591', 10, 'Lucca', 'Moura', '1967-09-02', 'M', '9698601828', 'bda-mata@example.net', 'jL6Bt*tp&i^E');
INSERT INTO Usuario (CPF, conta_bancaria, id_localizacao, nome, sobrenome, data_nascimento, sexo, telefone, email, senha) VALUES ('85274931600', '16917387291', 11, 'Caroline', 'Borges', '1988-08-22', 'M', '9677103250', 'gabrielly76@example.org', 'KdqIS6s6^&7x');
INSERT INTO Usuario (CPF, conta_bancaria, id_localizacao, nome, sobrenome, data_nascimento, sexo, telefone, email, senha) VALUES ('34762051853', '16917387291', 12, 'Amanda', 'Sales', '1988-10-07', 'M', '9717824267', 'maria-cecilia28@example.org', ')6^6GOG_Syx!');
INSERT INTO Usuario (CPF, conta_bancaria, id_localizacao, nome, sobrenome, data_nascimento, sexo, telefone, email, senha) VALUES ('56398472047', '14522473333', 13, 'Isabel', 'Pacheco', '1996-09-27', 'F', '9306935346', 'oliver69@example.org', '%_d7UByxU!1H');
INSERT INTO Usuario (CPF, conta_bancaria, id_localizacao, nome, sobrenome, data_nascimento, sexo, telefone, email, senha) VALUES ('49762051343', '13663661393', 14, 'Otto', 'Nunes', '2006-09-27', 'F', '9496024226', 'guerraolivia@example.org', ')8g0_5FwBG%O');
INSERT INTO Usuario (CPF, conta_bancaria, id_localizacao, nome, sobrenome, data_nascimento, sexo, telefone, email, senha) VALUES ('43806215960', '22395095722', 15, 'Valentim', 'Pinto', '1955-06-15', 'F', '9921618021', 'lorenabarbosa@example.org', 'x3#3SF#v&tMD');
INSERT INTO Propriedade (id_localizacao, nome, endereco, tipo, numero_quartos, numero_banheiros, preco_noite, min_noites, max_noites, max_hospedes, taxa_limpeza, horario_entrada, horario_saida, datas_disponiveis) VALUES (1, 'Moura', 'Lagoa Souza, 294', 'quarto individual', 3, 3, 91400, 1, 12, 1, 15600, '2025-03-14 20:23:51', '2025-11-21 20:03:47', ARRAY[timestamp '2025-08-31 09:29:16', timestamp '2025-11-26 12:27:04', timestamp '2025-09-11 06:47:48', timestamp '2026-01-15 21:35:56', timestamp '2025-08-01 11:35:36', timestamp '2025-05-07 00:16:19', timestamp '2025-09-19 11:29:22', timestamp '2025-07-16 16:40:08', timestamp '2025-08-26 20:43:21', timestamp '2025-05-15 06:38:56', timestamp '2025-11-28 20:30:21', timestamp '2025-10-02 01:58:08', timestamp '2025-07-19 06:09:42', timestamp '2025-08-29 14:32:12', timestamp '2025-06-15 19:56:47']);
INSERT INTO Propriedade (id_localizacao, nome, endereco, tipo, numero_quartos, numero_banheiros, preco_noite, min_noites, max_noites, max_hospedes, taxa_limpeza, horario_entrada, horario_saida, datas_disponiveis) VALUES (2, 'Lima e Filhos', 'Avenida Carlos Eduardo Albuquerque, 72', 'quarto compartilhado', 2, 3, 39100, 2, 18, 9, 18000, '2025-02-01 07:46:36', '2025-08-07 03:17:17', ARRAY[timestamp '2025-06-15 07:21:40', timestamp '2025-02-20 21:16:35', timestamp '2025-02-14 11:56:54', timestamp '2025-05-14 12:34:37', timestamp '2025-03-30 06:45:22', timestamp '2026-01-27 08:23:53', timestamp '2026-01-11 17:00:43', timestamp '2025-05-20 01:33:10', timestamp '2025-11-27 03:16:35', timestamp '2025-12-18 02:39:03', timestamp '2025-07-02 07:46:07', timestamp '2026-01-23 12:25:52', timestamp '2025-12-05 05:03:27', timestamp '2025-03-08 00:03:26', timestamp '2025-07-21 00:24:57']);
INSERT INTO Propriedade (id_localizacao, nome, endereco, tipo, numero_quartos, numero_banheiros, preco_noite, min_noites, max_noites, max_hospedes, taxa_limpeza, horario_entrada, horario_saida, datas_disponiveis) VALUES (3, 'Cassiano - ME', 'Parque Novais, 1', 'casa inteira', 3, 2, 81100, 3, 28, 4, 13300, '2025-06-17 12:20:31', '2026-04-06 16:41:46', ARRAY[timestamp '2025-05-17 02:31:26', timestamp '2025-05-23 09:09:49', timestamp '2026-01-01 02:00:58', timestamp '2025-02-18 22:50:58', timestamp '2025-08-22 22:12:06', timestamp '2025-03-22 14:56:11', timestamp '2025-12-17 22:23:24', timestamp '2025-10-24 10:33:17', timestamp '2025-10-27 01:12:58', timestamp '2025-11-30 01:04:55', timestamp '2025-08-28 01:00:06', timestamp '2025-04-17 14:40:24', timestamp '2025-09-10 16:40:32', timestamp '2025-10-31 13:08:26', timestamp '2025-04-09 21:33:39']);
INSERT INTO Propriedade (id_localizacao, nome, endereco, tipo, numero_quartos, numero_banheiros, preco_noite, min_noites, max_noites, max_hospedes, taxa_limpeza, horario_entrada, horario_saida, datas_disponiveis) VALUES (4, 'Macedo', 'Vila Caldeira, 921', 'casa inteira', 5, 1, 30600, 1, 29, 6, 17000, '2025-05-06 03:06:27', '2025-10-07 16:46:10', ARRAY[timestamp '2026-01-27 20:01:58', timestamp '2025-12-17 21:33:18', timestamp '2025-05-20 01:39:08', timestamp '2025-03-23 13:33:03', timestamp '2025-05-28 19:28:13', timestamp '2025-07-28 11:20:56', timestamp '2025-09-06 13:40:15', timestamp '2025-11-11 19:38:12', timestamp '2025-06-30 22:41:28', timestamp '2026-01-01 00:36:42', timestamp '2025-04-04 09:38:57', timestamp '2025-12-02 02:34:33', timestamp '2025-06-29 07:36:22', timestamp '2025-09-13 01:35:07', timestamp '2025-05-28 22:35:59']);
INSERT INTO Propriedade (id_localizacao, nome, endereco, tipo, numero_quartos, numero_banheiros, preco_noite, min_noites, max_noites, max_hospedes, taxa_limpeza, horario_entrada, horario_saida, datas_disponiveis) VALUES (5, 'Sá', 'Avenida Castro, 64', 'quarto compartilhado', 5, 2, 7500, 3, 14, 1, 18000, '2025-12-29 14:58:50', '2026-12-26 14:09:54', ARRAY[timestamp '2025-08-27 11:00:59', timestamp '2025-03-29 07:07:54', timestamp '2025-09-03 01:18:38', timestamp '2025-02-21 03:50:22', timestamp '2026-01-27 02:53:16', timestamp '2025-04-20 09:40:12', timestamp '2025-09-26 14:02:35', timestamp '2025-07-30 06:27:10', timestamp '2025-09-15 17:43:58', timestamp '2025-11-26 17:52:01', timestamp '2025-03-16 04:11:09', timestamp '2025-02-04 22:34:33', timestamp '2025-11-24 01:11:57', timestamp '2025-09-03 10:23:07', timestamp '2025-10-22 20:15:43']);
INSERT INTO Propriedade (id_localizacao, nome, endereco, tipo, numero_quartos, numero_banheiros, preco_noite, min_noites, max_noites, max_hospedes, taxa_limpeza, horario_entrada, horario_saida, datas_disponiveis) VALUES (6, 'Cavalcanti', 'Trecho Ana Júlia Novaes, 4', 'quarto compartilhado', 1, 1, 84200, 1, 16, 4, 16400, '2025-06-16 06:09:49', '2025-10-06 12:03:45', ARRAY[timestamp '2025-11-06 15:33:21', timestamp '2025-08-29 18:47:43', timestamp '2025-02-15 17:48:10', timestamp '2025-03-04 18:01:48', timestamp '2025-09-03 22:11:17', timestamp '2025-12-12 19:25:06', timestamp '2025-12-05 13:27:57', timestamp '2025-06-17 19:01:03', timestamp '2025-04-07 16:26:06', timestamp '2025-06-29 10:53:35', timestamp '2025-08-04 17:17:09', timestamp '2025-05-04 16:16:53', timestamp '2025-11-09 22:56:47', timestamp '2025-03-03 20:19:44', timestamp '2025-03-23 18:03:10']);
INSERT INTO Propriedade (id_localizacao, nome, endereco, tipo, numero_quartos, numero_banheiros, preco_noite, min_noites, max_noites, max_hospedes, taxa_limpeza, horario_entrada, horario_saida, datas_disponiveis) VALUES (7, 'Borges', 'Lagoa Vargas, 60', 'quarto compartilhado', 2, 2, 50600, 4, 21, 6, 2500, '2025-09-24 07:49:09', '2026-05-03 00:24:21', ARRAY[timestamp '2025-02-02 00:04:01', timestamp '2025-10-03 02:30:53', timestamp '2026-01-25 02:29:30', timestamp '2025-08-02 22:08:16', timestamp '2025-11-06 17:06:18', timestamp '2025-06-17 01:30:07', timestamp '2025-07-17 01:14:17', timestamp '2025-11-03 16:33:47', timestamp '2025-04-09 19:40:58', timestamp '2025-12-08 19:31:15', timestamp '2025-08-10 14:38:38', timestamp '2025-04-28 16:41:51', timestamp '2025-06-25 06:41:53', timestamp '2025-06-21 00:53:33', timestamp '2025-02-12 22:11:55']);
INSERT INTO Propriedade (id_localizacao, nome, endereco, tipo, numero_quartos, numero_banheiros, preco_noite, min_noites, max_noites, max_hospedes, taxa_limpeza, horario_entrada, horario_saida, datas_disponiveis) VALUES (8, 'da Rocha', 'Vale Fernando Silveira, 55', 'casa inteira', 5, 1, 89000, 1, 17, 6, 14500, '2025-10-09 17:50:35', '2025-12-19 11:45:27', ARRAY[timestamp '2025-05-22 16:06:01', timestamp '2025-03-09 02:55:23', timestamp '2025-06-08 16:06:58', timestamp '2025-05-06 15:44:23', timestamp '2025-06-22 01:57:08', timestamp '2025-08-02 05:05:38', timestamp '2025-09-12 01:20:12', timestamp '2026-01-22 01:23:46', timestamp '2026-01-16 20:12:46', timestamp '2025-06-03 11:36:17', timestamp '2025-02-08 13:11:41', timestamp '2025-04-12 17:36:16', timestamp '2025-09-07 16:38:35', timestamp '2025-06-27 19:16:02', timestamp '2025-03-11 02:46:34']);
INSERT INTO Propriedade (id_localizacao, nome, endereco, tipo, numero_quartos, numero_banheiros, preco_noite, min_noites, max_noites, max_hospedes, taxa_limpeza, horario_entrada, horario_saida, datas_disponiveis) VALUES (9, 'Carvalho', 'Travessa Cunha, 63', 'casa inteira', 1, 2, 37800, 2, 13, 5, 17700, '2025-08-17 08:28:02', '2026-06-26 04:07:08', ARRAY[timestamp '2025-07-28 18:31:19', timestamp '2025-05-04 20:30:29', timestamp '2025-03-17 16:27:22', timestamp '2025-12-01 18:23:23', timestamp '2026-01-21 16:12:03', timestamp '2026-01-09 09:06:40', timestamp '2025-05-25 10:31:11', timestamp '2025-10-31 15:19:41', timestamp '2026-01-30 19:29:43', timestamp '2025-05-09 00:54:29', timestamp '2025-07-27 05:04:50', timestamp '2026-01-30 13:21:51', timestamp '2025-07-04 08:11:40', timestamp '2025-07-28 14:14:49', timestamp '2025-05-06 03:56:06']);
INSERT INTO Propriedade (id_localizacao, nome, endereco, tipo, numero_quartos, numero_banheiros, preco_noite, min_noites, max_noites, max_hospedes, taxa_limpeza, horario_entrada, horario_saida, datas_disponiveis) VALUES (10, 'da Cruz Rios S.A.', 'Esplanada Melina Guerra, 7', 'quarto compartilhado', 3, 2, 67200, 3, 25, 8, 5400, '2025-07-01 18:38:42', '2025-07-27 03:15:24', ARRAY[timestamp '2025-04-15 07:07:30', timestamp '2025-06-26 05:56:40', timestamp '2025-06-09 22:29:37', timestamp '2025-04-19 04:08:23', timestamp '2026-01-16 05:29:03', timestamp '2025-03-13 15:06:48', timestamp '2025-03-28 14:34:43', timestamp '2025-06-27 10:32:51', timestamp '2025-05-15 11:58:10', timestamp '2025-09-22 21:49:10', timestamp '2025-05-18 21:19:00', timestamp '2025-04-29 03:33:38', timestamp '2025-10-09 04:56:20', timestamp '2026-01-10 01:18:23', timestamp '2025-02-06 00:52:01']);
INSERT INTO Propriedade (id_localizacao, nome, endereco, tipo, numero_quartos, numero_banheiros, preco_noite, min_noites, max_noites, max_hospedes, taxa_limpeza, horario_entrada, horario_saida, datas_disponiveis) VALUES (11, 'Nascimento S/A', 'Trecho Enzo Machado', 'quarto compartilhado', 1, 2, 56800, 2, 22, 1, 1900, '2025-09-30 17:21:16', '2026-05-28 01:25:08', ARRAY[timestamp '2025-07-07 01:23:33', timestamp '2025-10-26 19:06:06', timestamp '2025-11-18 05:36:08', timestamp '2025-07-12 00:25:00', timestamp '2025-03-07 06:26:59', timestamp '2025-03-21 14:31:33', timestamp '2025-09-15 01:03:29', timestamp '2025-07-27 13:46:09', timestamp '2025-03-24 09:01:55', timestamp '2025-05-24 12:11:41', timestamp '2025-05-11 15:31:32', timestamp '2025-03-18 04:29:34', timestamp '2025-04-19 03:52:37', timestamp '2025-10-22 20:26:21', timestamp '2025-11-27 17:48:28']);
INSERT INTO Propriedade (id_localizacao, nome, endereco, tipo, numero_quartos, numero_banheiros, preco_noite, min_noites, max_noites, max_hospedes, taxa_limpeza, horario_entrada, horario_saida, datas_disponiveis) VALUES (12, 'Dias - ME', 'Distrito Pedro das Neves, 83', 'casa inteira', 1, 1, 94600, 4, 21, 9, 9200, '2025-09-12 10:11:30', '2026-07-09 08:41:37', ARRAY[timestamp '2025-08-01 07:35:41', timestamp '2025-10-31 02:51:49', timestamp '2025-12-16 07:06:04', timestamp '2025-03-21 02:21:48', timestamp '2025-12-20 13:53:19', timestamp '2026-01-03 13:49:05', timestamp '2025-10-05 06:47:36', timestamp '2025-08-01 01:22:37', timestamp '2025-02-01 21:56:59', timestamp '2025-07-17 03:23:18', timestamp '2025-12-01 00:36:44', timestamp '2026-01-29 00:22:22', timestamp '2025-10-22 16:57:48', timestamp '2025-11-25 13:47:11', timestamp '2025-03-13 07:38:07']);
INSERT INTO Propriedade (id_localizacao, nome, endereco, tipo, numero_quartos, numero_banheiros, preco_noite, min_noites, max_noites, max_hospedes, taxa_limpeza, horario_entrada, horario_saida, datas_disponiveis) VALUES (13, 'Abreu', 'Travessa Ravy da Costa, 789', 'quarto individual', 2, 1, 89300, 4, 8, 2, 13800, '2025-04-05 03:43:20', '2025-04-17 18:46:55', ARRAY[timestamp '2025-02-21 10:50:16', timestamp '2025-03-02 04:44:28', timestamp '2025-05-05 22:47:15', timestamp '2025-12-10 13:55:28', timestamp '2026-01-20 09:08:08', timestamp '2025-05-10 16:37:37', timestamp '2025-12-23 14:12:38', timestamp '2025-12-26 06:42:07', timestamp '2025-07-17 08:51:27', timestamp '2025-05-18 15:40:44', timestamp '2025-10-31 08:22:11', timestamp '2025-06-16 01:03:42', timestamp '2025-03-29 12:22:44', timestamp '2025-06-13 02:42:38', timestamp '2025-12-20 13:49:14']);
INSERT INTO Propriedade (id_localizacao, nome, endereco, tipo, numero_quartos, numero_banheiros, preco_noite, min_noites, max_noites, max_hospedes, taxa_limpeza, horario_entrada, horario_saida, datas_disponiveis) VALUES (14, 'Guerra', 'Rodovia Carvalho, 84', 'quarto individual', 3, 1, 27100, 3, 25, 6, 9100, '2025-03-29 22:09:51', '2025-06-07 21:26:43', ARRAY[timestamp '2025-09-08 17:00:30', timestamp '2025-05-03 17:18:21', timestamp '2025-12-09 01:26:44', timestamp '2025-08-22 01:27:31', timestamp '2025-02-26 09:12:25', timestamp '2025-07-13 12:45:06', timestamp '2025-05-12 17:47:54', timestamp '2025-05-22 18:01:48', timestamp '2025-10-01 00:05:10', timestamp '2026-01-06 08:36:49', timestamp '2025-04-14 07:20:45', timestamp '2025-11-01 22:57:03', timestamp '2025-03-14 01:29:52', timestamp '2026-01-05 13:27:23', timestamp '2025-04-06 05:17:45']);
INSERT INTO Propriedade (id_localizacao, nome, endereco, tipo, numero_quartos, numero_banheiros, preco_noite, min_noites, max_noites, max_hospedes, taxa_limpeza, horario_entrada, horario_saida, datas_disponiveis) VALUES (15, 'da Mata', 'Rua de Aparecida, 95', 'quarto individual', 4, 1, 67000, 2, 9, 4, 5900, '2025-10-25 16:18:34', '2026-09-21 10:02:52', ARRAY[timestamp '2025-04-17 14:26:32', timestamp '2025-09-01 19:25:41', timestamp '2025-05-15 12:39:20', timestamp '2025-07-18 03:02:06', timestamp '2025-09-01 18:51:50', timestamp '2025-08-20 09:15:41', timestamp '2025-12-21 18:07:07', timestamp '2025-11-22 05:45:48', timestamp '2025-07-23 06:01:46', timestamp '2025-10-16 22:07:19', timestamp '2025-06-10 07:31:45', timestamp '2025-06-17 16:53:52', timestamp '2025-02-05 10:55:41', timestamp '2025-09-02 10:05:01', timestamp '2025-04-10 13:58:03']);
INSERT INTO Quarto (id_propriedade, numero_camas, tipo_cama, banheiro_privativo) VALUES (1, 2, 'Casal', True);
INSERT INTO Quarto (id_propriedade, numero_camas, tipo_cama, banheiro_privativo) VALUES (2, 3, 'Solteiro', False);
INSERT INTO Quarto (id_propriedade, numero_camas, tipo_cama, banheiro_privativo) VALUES (3, 1, 'King', True);
INSERT INTO Quarto (id_propriedade, numero_camas, tipo_cama, banheiro_privativo) VALUES (4, 4, 'Queen', True);
INSERT INTO Quarto (id_propriedade, numero_camas, tipo_cama, banheiro_privativo) VALUES (5, 2, 'Solteiro', True);
INSERT INTO Quarto (id_propriedade, numero_camas, tipo_cama, banheiro_privativo) VALUES (6, 3, 'King', True);
INSERT INTO Quarto (id_propriedade, numero_camas, tipo_cama, banheiro_privativo) VALUES (7, 4, 'King', False);
INSERT INTO Quarto (id_propriedade, numero_camas, tipo_cama, banheiro_privativo) VALUES (8, 2, 'Solteiro', True);
INSERT INTO Quarto (id_propriedade, numero_camas, tipo_cama, banheiro_privativo) VALUES (9, 4, 'Solteiro', True);
INSERT INTO Quarto (id_propriedade, numero_camas, tipo_cama, banheiro_privativo) VALUES (10, 4, 'King', True);
INSERT INTO Quarto (id_propriedade, numero_camas, tipo_cama, banheiro_privativo) VALUES (11, 4, 'Queen', True);
INSERT INTO Quarto (id_propriedade, numero_camas, tipo_cama, banheiro_privativo) VALUES (12, 2, 'Casal', True);
INSERT INTO Quarto (id_propriedade, numero_camas, tipo_cama, banheiro_privativo) VALUES (13, 3, 'Casal', True);
INSERT INTO Quarto (id_propriedade, numero_camas, tipo_cama, banheiro_privativo) VALUES (14, 4, 'Queen', True);
INSERT INTO Quarto (id_propriedade, numero_camas, tipo_cama, banheiro_privativo) VALUES (15, 1, 'Queen', True);
INSERT INTO Mensagem (CPF_remetente, CPF_destinatario, texto) VALUES ('62870451911', '34915627080', 'Quasi adipisci deserunt maiores maiores dignissimos. Id sapiente molestias voluptas vitae.');
INSERT INTO Mensagem (CPF_remetente, CPF_destinatario, texto) VALUES ('62870451911', '34915627080', 'Magnam quibusdam recusandae voluptates consequuntur occaecati voluptate. Velit pariatur labore eius. Aliquam impedit nihil iusto fugit placeat officia perspiciatis.');
INSERT INTO Mensagem (CPF_remetente, CPF_destinatario, texto) VALUES ('62870451911', '34915627080', 'Totam eos molestias. Esse est a aliquid laboriosam. Accusantium cum quo ducimus.');
INSERT INTO Mensagem (CPF_remetente, CPF_destinatario, texto) VALUES ('62870451911', '34915627080', 'Enim sed placeat debitis natus porro tenetur. Incidunt libero rem provident velit ut voluptate. Ab occaecati perspiciatis ducimus accusamus nemo numquam.');
INSERT INTO Mensagem (CPF_remetente, CPF_destinatario, texto) VALUES ('62870451911', '34915627080', 'Quidem omnis iusto velit delectus odit molestiae. Quidem placeat qui ea necessitatibus.');
INSERT INTO Mensagem (CPF_remetente, CPF_destinatario, texto) VALUES ('62870451911', '34915627080', 'Illum delectus voluptas commodi possimus sequi. Odit maxime nemo optio beatae quae possimus. Assumenda temporibus nulla deserunt reprehenderit veniam expedita numquam.');
INSERT INTO Mensagem (CPF_remetente, CPF_destinatario, texto) VALUES ('62870451911', '34915627080', 'Ipsa minima cupiditate. Omnis quo quo laudantium.
Aliquam eligendi hic beatae quidem fuga in. Delectus tempora illum dolor necessitatibus velit odit.');
INSERT INTO Mensagem (CPF_remetente, CPF_destinatario, texto) VALUES ('62870451911', '34915627080', 'Illo porro deserunt at. Porro veritatis enim neque.
Praesentium voluptatum sunt et porro necessitatibus nobis. Blanditiis ea iure eum. Ipsam eligendi voluptates corporis magni aspernatur eaque.');
INSERT INTO Mensagem (CPF_remetente, CPF_destinatario, texto) VALUES ('62870451911', '34915627080', 'Ipsum sequi iusto reprehenderit maiores laudantium natus. Nobis fugiat vitae saepe eum voluptates occaecati.');
INSERT INTO Mensagem (CPF_remetente, CPF_destinatario, texto) VALUES ('62870451911', '34915627080', 'Natus ex magni voluptatem excepturi dolorem a. Quos soluta voluptas sed doloremque blanditiis quasi. Itaque et vitae fugiat placeat eos in. Harum ut nesciunt ducimus.');
INSERT INTO Mensagem (CPF_remetente, CPF_destinatario, texto) VALUES ('62870451911', '34915627080', 'Aut magni aliquam atque. Illo nobis minima impedit illo tempore.');
INSERT INTO Mensagem (CPF_remetente, CPF_destinatario, texto) VALUES ('62870451911', '34915627080', 'Eligendi ab doloremque explicabo. Ut maxime unde similique amet harum.
Commodi nam vero quas quisquam sit. Animi debitis magni ipsam ullam optio. Soluta cupiditate iste tenetur.');
INSERT INTO Mensagem (CPF_remetente, CPF_destinatario, texto) VALUES ('62870451911', '34915627080', 'Ad ratione exercitationem natus. Officiis error ratione ad aperiam voluptate iusto.
Ipsa aperiam quod eligendi exercitationem nam. Iusto beatae voluptate culpa. Laborum quas alias a.');
INSERT INTO Mensagem (CPF_remetente, CPF_destinatario, texto) VALUES ('62870451911', '34915627080', 'Sed minus harum consequuntur vero alias nam. Hic laborum blanditiis.
Recusandae maiores praesentium iusto voluptatibus assumenda. Doloremque eaque placeat quo ipsam rerum. Omnis quidem ab delectus.');
INSERT INTO Mensagem (CPF_remetente, CPF_destinatario, texto) VALUES ('62870451911', '34915627080', 'Facere debitis deleniti culpa quibusdam numquam vitae recusandae. Itaque veritatis voluptate molestias dolor.');
INSERT INTO Avaliacao (id_mensagem, id_propriedade, classificacao_limpeza, classificacao_estrutura, nota_comunicacao, nota_localizacao, nota_valor) VALUES (1, 1, 0, 0, 1, 7, 7);
INSERT INTO Avaliacao (id_mensagem, id_propriedade, classificacao_limpeza, classificacao_estrutura, nota_comunicacao, nota_localizacao, nota_valor) VALUES (2, 2, 1, 2, 1, 0, 1);
INSERT INTO Avaliacao (id_mensagem, id_propriedade, classificacao_limpeza, classificacao_estrutura, nota_comunicacao, nota_localizacao, nota_valor) VALUES (3, 3, 2, 3, 3, 8, 10);
INSERT INTO Avaliacao (id_mensagem, id_propriedade, classificacao_limpeza, classificacao_estrutura, nota_comunicacao, nota_localizacao, nota_valor) VALUES (4, 4, 2, 4, 8, 9, 2);
INSERT INTO Avaliacao (id_mensagem, id_propriedade, classificacao_limpeza, classificacao_estrutura, nota_comunicacao, nota_localizacao, nota_valor) VALUES (5, 5, 3, 2, 5, 1, 6);
INSERT INTO Avaliacao (id_mensagem, id_propriedade, classificacao_limpeza, classificacao_estrutura, nota_comunicacao, nota_localizacao, nota_valor) VALUES (6, 6, 0, 5, 9, 5, 9);
INSERT INTO Avaliacao (id_mensagem, id_propriedade, classificacao_limpeza, classificacao_estrutura, nota_comunicacao, nota_localizacao, nota_valor) VALUES (7, 7, 4, 2, 7, 9, 6);
INSERT INTO Avaliacao (id_mensagem, id_propriedade, classificacao_limpeza, classificacao_estrutura, nota_comunicacao, nota_localizacao, nota_valor) VALUES (8, 8, 5, 0, 1, 3, 5);
INSERT INTO Avaliacao (id_mensagem, id_propriedade, classificacao_limpeza, classificacao_estrutura, nota_comunicacao, nota_localizacao, nota_valor) VALUES (9, 9, 4, 1, 2, 2, 6);
INSERT INTO Avaliacao (id_mensagem, id_propriedade, classificacao_limpeza, classificacao_estrutura, nota_comunicacao, nota_localizacao, nota_valor) VALUES (10, 10, 5, 1, 10, 1, 9);
INSERT INTO Avaliacao (id_mensagem, id_propriedade, classificacao_limpeza, classificacao_estrutura, nota_comunicacao, nota_localizacao, nota_valor) VALUES (11, 11, 2, 2, 6, 8, 1);
INSERT INTO Avaliacao (id_mensagem, id_propriedade, classificacao_limpeza, classificacao_estrutura, nota_comunicacao, nota_localizacao, nota_valor) VALUES (12, 12, 3, 2, 6, 4, 9);
INSERT INTO Avaliacao (id_mensagem, id_propriedade, classificacao_limpeza, classificacao_estrutura, nota_comunicacao, nota_localizacao, nota_valor) VALUES (13, 13, 4, 4, 2, 4, 2);
INSERT INTO Avaliacao (id_mensagem, id_propriedade, classificacao_limpeza, classificacao_estrutura, nota_comunicacao, nota_localizacao, nota_valor) VALUES (14, 14, 3, 2, 8, 3, 2);
INSERT INTO Avaliacao (id_mensagem, id_propriedade, classificacao_limpeza, classificacao_estrutura, nota_comunicacao, nota_localizacao, nota_valor) VALUES (15, 15, 0, 1, 3, 10, 4);
INSERT INTO Reserva (CPF_locatario, id_propriedade, data_reserva, data_checkin, data_checkout, numero_hospedes, imposto, preco_total_estadia, preco_total_imposto_limpeza, status) VALUES ('62870451911', 1, '2025-07-26 20:04:14', '2026-04-24 18:37:17', '2027-02-02 14:26:51', 1, 12900, 88500, 6000, True);
INSERT INTO Reserva (CPF_locatario, id_propriedade, data_reserva, data_checkin, data_checkout, numero_hospedes, imposto, preco_total_estadia, preco_total_imposto_limpeza, status) VALUES ('34915627080', 2, '2025-11-24 04:42:43', '2026-06-04 05:11:51', '2027-03-04 10:40:16', 3, 8800, 407100, 67100, False);
INSERT INTO Reserva (CPF_locatario, id_propriedade, data_reserva, data_checkin, data_checkout, numero_hospedes, imposto, preco_total_estadia, preco_total_imposto_limpeza, status) VALUES ('57302416826', 3, '2025-06-03 10:56:32', '2025-07-28 21:28:44', '2026-02-15 22:12:08', 5, 43100, 57500, 96500, True);
INSERT INTO Reserva (CPF_locatario, id_propriedade, data_reserva, data_checkin, data_checkout, numero_hospedes, imposto, preco_total_estadia, preco_total_imposto_limpeza, status) VALUES ('39458612098', 4, '2025-04-27 08:15:22', '2025-06-01 18:51:59', '2025-12-14 17:06:42', 5, 45000, 172300, 29900, False);
INSERT INTO Reserva (CPF_locatario, id_propriedade, data_reserva, data_checkin, data_checkout, numero_hospedes, imposto, preco_total_estadia, preco_total_imposto_limpeza, status) VALUES ('73014625906', 5, '2026-01-01 18:54:54', '2026-12-25 04:45:37', '2027-11-26 06:51:44', 2, 18800, 307900, 27800, False);
INSERT INTO Reserva (CPF_locatario, id_propriedade, data_reserva, data_checkin, data_checkout, numero_hospedes, imposto, preco_total_estadia, preco_total_imposto_limpeza, status) VALUES ('41238056717', 6, '2026-01-12 16:26:14', '2026-02-24 17:19:24', '2026-04-15 02:13:25', 1, 40300, 232100, 19700, True);
INSERT INTO Reserva (CPF_locatario, id_propriedade, data_reserva, data_checkin, data_checkout, numero_hospedes, imposto, preco_total_estadia, preco_total_imposto_limpeza, status) VALUES ('74198320560', 7, '2025-04-05 16:50:21', '2025-08-26 20:04:55', '2025-11-25 12:40:32', 1, 15200, 266000, 98100, True);
INSERT INTO Reserva (CPF_locatario, id_propriedade, data_reserva, data_checkin, data_checkout, numero_hospedes, imposto, preco_total_estadia, preco_total_imposto_limpeza, status) VALUES ('61924580730', 8, '2025-09-14 02:37:49', '2026-06-08 20:29:56', '2026-08-10 01:17:36', 4, 34700, 170000, 58800, True);
INSERT INTO Reserva (CPF_locatario, id_propriedade, data_reserva, data_checkin, data_checkout, numero_hospedes, imposto, preco_total_estadia, preco_total_imposto_limpeza, status) VALUES ('85496203783', 9, '2025-04-10 08:28:20', '2025-06-15 01:36:48', '2025-09-10 15:18:25', 1, 1900, 390000, 56700, True);
INSERT INTO Reserva (CPF_locatario, id_propriedade, data_reserva, data_checkin, data_checkout, numero_hospedes, imposto, preco_total_estadia, preco_total_imposto_limpeza, status) VALUES ('92615047361', 10, '2025-11-07 05:22:41', '2025-11-13 06:09:25', '2025-12-23 06:13:05', 5, 32300, 112300, 84300, True);
INSERT INTO Reserva (CPF_locatario, id_propriedade, data_reserva, data_checkin, data_checkout, numero_hospedes, imposto, preco_total_estadia, preco_total_imposto_limpeza, status) VALUES ('85274931600', 11, '2025-09-21 15:42:15', '2026-09-06 19:52:04', '2027-07-05 05:22:38', 3, 37700, 458200, 37500, True);
INSERT INTO Reserva (CPF_locatario, id_propriedade, data_reserva, data_checkin, data_checkout, numero_hospedes, imposto, preco_total_estadia, preco_total_imposto_limpeza, status) VALUES ('34762051853', 12, '2025-05-26 19:02:55', '2026-04-12 12:35:07', '2027-01-01 11:58:47', 3, 47100, 472600, 82000, False);
INSERT INTO Reserva (CPF_locatario, id_propriedade, data_reserva, data_checkin, data_checkout, numero_hospedes, imposto, preco_total_estadia, preco_total_imposto_limpeza, status) VALUES ('56398472047', 13, '2025-03-12 04:54:55', '2026-01-13 17:20:51', '2026-07-23 21:03:40', 4, 37600, 71300, 81600, True);
INSERT INTO Reserva (CPF_locatario, id_propriedade, data_reserva, data_checkin, data_checkout, numero_hospedes, imposto, preco_total_estadia, preco_total_imposto_limpeza, status) VALUES ('49762051343', 14, '2025-11-07 06:27:08', '2025-11-14 19:19:45', '2026-10-10 11:21:24', 5, 39300, 83200, 47500, True);
INSERT INTO Reserva (CPF_locatario, id_propriedade, data_reserva, data_checkin, data_checkout, numero_hospedes, imposto, preco_total_estadia, preco_total_imposto_limpeza, status) VALUES ('43806215960', 15, '2025-08-01 10:53:57', '2025-10-15 13:00:52', '2025-10-22 19:00:50', 2, 25300, 217100, 62100, True);
INSERT INTO PontoDeInteresse (id_localizacao, nome) VALUES (1, 'Porto Ltda.');
INSERT INTO PontoDeInteresse (id_localizacao, nome) VALUES (2, 'da Luz Montenegro Ltda.');
INSERT INTO PontoDeInteresse (id_localizacao, nome) VALUES (3, 'das Neves Sampaio S.A.');
INSERT INTO PontoDeInteresse (id_localizacao, nome) VALUES (4, 'da Paz da Rosa - ME');
INSERT INTO PontoDeInteresse (id_localizacao, nome) VALUES (5, 'Novaes');
INSERT INTO PontoDeInteresse (id_localizacao, nome) VALUES (6, 'Farias Sales S.A.');
INSERT INTO PontoDeInteresse (id_localizacao, nome) VALUES (7, 'da Mata e Filhos');
INSERT INTO PontoDeInteresse (id_localizacao, nome) VALUES (8, 'Melo');
INSERT INTO PontoDeInteresse (id_localizacao, nome) VALUES (9, 'da Costa');
INSERT INTO PontoDeInteresse (id_localizacao, nome) VALUES (10, 'Campos');
INSERT INTO PontoDeInteresse (id_localizacao, nome) VALUES (11, 'Gonçalves');
INSERT INTO PontoDeInteresse (id_localizacao, nome) VALUES (12, 'da Cruz');
INSERT INTO PontoDeInteresse (id_localizacao, nome) VALUES (13, 'Sales - EI');
INSERT INTO PontoDeInteresse (id_localizacao, nome) VALUES (14, 'Vieira S/A');
INSERT INTO PontoDeInteresse (id_localizacao, nome) VALUES (15, 'Monteiro Farias e Filhos');
