INSERT INTO ContaBancaria (numero_conta, agencia, tipo_conta) VALUES ('78915839656', '74235331', 'Corrente');
INSERT INTO ContaBancaria (numero_conta, agencia, tipo_conta) VALUES ('44174481538', '80630707', 'Poupança');
INSERT INTO ContaBancaria (numero_conta, agencia, tipo_conta) VALUES ('24184307053', '75028763', 'Poupança');
INSERT INTO ContaBancaria (numero_conta, agencia, tipo_conta) VALUES ('71287901669', '75535093', 'Corrente');
INSERT INTO ContaBancaria (numero_conta, agencia, tipo_conta) VALUES ('91360317721', '73371148', 'Poupança');
INSERT INTO ContaBancaria (numero_conta, agencia, tipo_conta) VALUES ('21454679834', '81646496', 'Corrente');
INSERT INTO ContaBancaria (numero_conta, agencia, tipo_conta) VALUES ('13938073842', '55817419', 'Corrente');
INSERT INTO ContaBancaria (numero_conta, agencia, tipo_conta) VALUES ('70218416630', '14701328', 'Poupança');
INSERT INTO ContaBancaria (numero_conta, agencia, tipo_conta) VALUES ('10852303036', '55223622', 'Corrente');
INSERT INTO ContaBancaria (numero_conta, agencia, tipo_conta) VALUES ('17072326131', '77704168', 'Corrente');
INSERT INTO ContaBancaria (numero_conta, agencia, tipo_conta) VALUES ('48308661365', '17557939', 'Poupança');
INSERT INTO ContaBancaria (numero_conta, agencia, tipo_conta) VALUES ('82548007846', '76744151', 'Poupança');
INSERT INTO ContaBancaria (numero_conta, agencia, tipo_conta) VALUES ('84771270273', '81487643', 'Poupança');
INSERT INTO ContaBancaria (numero_conta, agencia, tipo_conta) VALUES ('56062673148', '33037020', 'Corrente');
INSERT INTO ContaBancaria (numero_conta, agencia, tipo_conta) VALUES ('67007068198', '29329190', 'Poupança');
INSERT INTO Localizacao (cep, cidade, estado, pais, bairro) VALUES ('85051769', 'da Luz Paulista', 'AC', 'Brasil', 'Aparecida');
INSERT INTO Localizacao (cep, cidade, estado, pais, bairro) VALUES ('37544337', 'Novais Paulista', 'PR', 'Brasil', 'Caiçaras');
INSERT INTO Localizacao (cep, cidade, estado, pais, bairro) VALUES ('41099039', 'Freitas da Mata', 'AP', 'Brasil', 'Jardim São José');
INSERT INTO Localizacao (cep, cidade, estado, pais, bairro) VALUES ('99857087', 'Aragão', 'CE', 'Brasil', 'Cinquentenário');
INSERT INTO Localizacao (cep, cidade, estado, pais, bairro) VALUES ('74347301', 'Caldeira', 'PI', 'Brasil', 'Novo Glória');
INSERT INTO Localizacao (cep, cidade, estado, pais, bairro) VALUES ('00222291', 'Rezende', 'TO', 'Brasil', 'Vila Maria');
INSERT INTO Localizacao (cep, cidade, estado, pais, bairro) VALUES ('02910320', 'Ribeiro', 'BA', 'Brasil', 'Sion');
INSERT INTO Localizacao (cep, cidade, estado, pais, bairro) VALUES ('08622402', 'Fernandes', 'PB', 'Brasil', 'Conjunto Califórnia I');
INSERT INTO Localizacao (cep, cidade, estado, pais, bairro) VALUES ('95910988', 'Pimenta das Pedras', 'GO', 'Brasil', 'Jardim Leblon');
INSERT INTO Localizacao (cep, cidade, estado, pais, bairro) VALUES ('06088409', 'Abreu', 'ES', 'Brasil', 'Mala E Cuia');
INSERT INTO Localizacao (cep, cidade, estado, pais, bairro) VALUES ('90165872', 'da Cunha do Oeste', 'MA', 'Brasil', 'Planalto');
INSERT INTO Localizacao (cep, cidade, estado, pais, bairro) VALUES ('41481423', 'Camargo de Borges', 'PE', 'Brasil', 'Vila Real 2ª Seção');
INSERT INTO Localizacao (cep, cidade, estado, pais, bairro) VALUES ('17700859', 'Moura', 'MT', 'Brasil', 'Santo Antônio');
INSERT INTO Localizacao (cep, cidade, estado, pais, bairro) VALUES ('35214367', 'Freitas de Garcia', 'MA', 'Brasil', 'Renascença');
INSERT INTO Localizacao (cep, cidade, estado, pais, bairro) VALUES ('95610580', 'Vasconcelos', 'MT', 'Brasil', 'Petropolis');
INSERT INTO Usuario (CPF, conta_bancaria, id_localizacao, nome, sobrenome, tipo, data_nascimento, sexo, telefone, email, senha) VALUES ('30581947223', '10852303036', 1, 'Maria Isis', 'Cirino', 'Locador', '1976-04-05', 'F', '9747606080', 'qmacedo@example.net', 'upyTtp6w9+6j');
INSERT INTO Usuario (CPF, conta_bancaria, id_localizacao, nome, sobrenome, tipo, data_nascimento, sexo, telefone, email, senha) VALUES ('80394612515', '21454679834', 2, 'Luísa', 'Nunes', 'Locatario', '1968-11-29', 'F', '9740838768', 'joao-guilhermevieira@example.org', '43*1LcM_@tDb');
INSERT INTO Usuario (CPF, conta_bancaria, id_localizacao, nome, sobrenome, tipo, data_nascimento, sexo, telefone, email, senha) VALUES ('96074583200', '91360317721', 3, 'Gael Henrique', 'Peixoto', 'Locador', '1960-05-28', 'M', '9594981297', 'araujobianca@example.net', 'x76%Su@hpT8W');
INSERT INTO Usuario (CPF, conta_bancaria, id_localizacao, nome, sobrenome, tipo, data_nascimento, sexo, telefone, email, senha) VALUES ('86103429722', '10852303036', 4, 'Fernanda', 'da Cruz', 'Locatario', '2000-03-29', 'M', '9958909222', 'mrodrigues@example.org', 'SW81&Lljb^Su');
INSERT INTO Usuario (CPF, conta_bancaria, id_localizacao, nome, sobrenome, tipo, data_nascimento, sexo, telefone, email, senha) VALUES ('53741968048', '84771270273', 5, 'Leandro', 'Melo', 'Locador', '1998-12-31', 'M', '9505730401', 'diego56@example.com', 'gN0VM2ic@MFP');
INSERT INTO Usuario (CPF, conta_bancaria, id_localizacao, nome, sobrenome, tipo, data_nascimento, sexo, telefone, email, senha) VALUES ('82390517404', '71287901669', 6, 'Luiz Otávio', 'Guerra', 'Locatario', '1956-04-11', 'M', '9801925631', 'raquelmarques@example.com', 're1Ch0kDs)gA');
INSERT INTO Usuario (CPF, conta_bancaria, id_localizacao, nome, sobrenome, tipo, data_nascimento, sexo, telefone, email, senha) VALUES ('43165790884', '82548007846', 7, 'Laís', 'Barbosa', 'Locador', '1962-09-13', 'M', '9441804135', 'pachecofernando@example.net', ')o&g)GQuN5JH');
INSERT INTO Usuario (CPF, conta_bancaria, id_localizacao, nome, sobrenome, tipo, data_nascimento, sexo, telefone, email, senha) VALUES ('42186509342', '67007068198', 8, 'Letícia', 'Ramos', 'Locatario', '1968-08-14', 'M', '9298160806', 'borgeselisa@example.com', '#i4rERUkg2A%');
INSERT INTO Usuario (CPF, conta_bancaria, id_localizacao, nome, sobrenome, tipo, data_nascimento, sexo, telefone, email, senha) VALUES ('42013857608', '17072326131', 9, 'Luigi', 'Albuquerque', 'Locador', '1959-06-06', 'M', '9905067535', 'aparecidaeloa@example.net', '(QLr1*rqWI66');
INSERT INTO Usuario (CPF, conta_bancaria, id_localizacao, nome, sobrenome, tipo, data_nascimento, sexo, telefone, email, senha) VALUES ('37529480600', '13938073842', 10, 'Danilo', 'Sá', 'Locatario', '1958-10-02', 'F', '9747306589', 'xmoreira@example.com', '*M4c^$PdnohV');
INSERT INTO Usuario (CPF, conta_bancaria, id_localizacao, nome, sobrenome, tipo, data_nascimento, sexo, telefone, email, senha) VALUES ('24053867126', '67007068198', 11, 'Nathan', 'Moura', 'Locador', '1948-05-07', 'F', '9155239816', 'josuecorreia@example.net', 'V&65Kff^n#EO');
INSERT INTO Usuario (CPF, conta_bancaria, id_localizacao, nome, sobrenome, tipo, data_nascimento, sexo, telefone, email, senha) VALUES ('17290635868', '91360317721', 12, 'Leonardo', 'da Cunha', 'Locatario', '1991-07-19', 'F', '9406854229', 'ferreiramaite@example.com', 'Y)B$jve@J6ve');
INSERT INTO Usuario (CPF, conta_bancaria, id_localizacao, nome, sobrenome, tipo, data_nascimento, sexo, telefone, email, senha) VALUES ('26798354092', '67007068198', 13, 'Henrique', 'Silveira', 'Locador', '2006-03-12', 'M', '9487073110', 'hmelo@example.org', 'O95wXOlx^Fwt');
INSERT INTO Usuario (CPF, conta_bancaria, id_localizacao, nome, sobrenome, tipo, data_nascimento, sexo, telefone, email, senha) VALUES ('79415036893', '44174481538', 14, 'João Guilherme', 'Rezende', 'Locatario', '1946-12-08', 'M', '9232278186', 'cunhalara@example.org', '++WELQJmcf59');
INSERT INTO Usuario (CPF, conta_bancaria, id_localizacao, nome, sobrenome, tipo, data_nascimento, sexo, telefone, email, senha) VALUES ('70941536270', '56062673148', 15, 'Ian', 'Monteiro', 'Locador', '1975-12-25', 'M', '9481946849', 'raularagao@example.com', '#*5A+ljx_2$H');
INSERT INTO Propriedade (id_localizacao, nome, endereco, tipo, numero_quartos, numero_banheiros, preco_noite, min_noites, max_noites, max_hospedes, taxa_limpeza, horario_entrada, horario_saida, datas_disponiveis) VALUES (1, 'Fogaça Ltda.', 'Aeroporto Pedro Henrique Ramos, 57', 'casa inteira', 2, 3, 19300, 2, 7, 7, 9200, '2025-04-04 08:58:52', '2025-10-12 15:13:56', ARRAY[timestamp '2025-08-16 11:01:38', timestamp '2025-04-13 09:38:57', timestamp '2025-06-25 19:25:20', timestamp '2025-05-03 03:21:08', timestamp '2025-06-29 10:06:13', timestamp '2025-03-06 01:50:27', timestamp '2025-10-09 03:37:58', timestamp '2025-08-28 07:39:38', timestamp '2025-11-06 15:23:39', timestamp '2025-02-11 01:03:58', timestamp '2025-03-11 12:19:59', timestamp '2025-08-06 20:00:02', timestamp '2025-11-25 08:34:54', timestamp '2025-06-01 13:00:16', timestamp '2025-12-09 18:23:49']);
INSERT INTO Propriedade (id_localizacao, nome, endereco, tipo, numero_quartos, numero_banheiros, preco_noite, min_noites, max_noites, max_hospedes, taxa_limpeza, horario_entrada, horario_saida, datas_disponiveis) VALUES (2, 'Campos Ltda.', 'Esplanada Luna Moura, 3', 'quarto compartilhado', 3, 3, 18800, 1, 7, 1, 13300, '2025-07-26 01:36:28', '2025-11-26 00:45:51', ARRAY[timestamp '2025-06-23 15:36:08', timestamp '2025-03-22 18:38:04', timestamp '2025-12-25 14:38:52', timestamp '2025-08-10 09:41:12', timestamp '2025-06-01 05:44:31', timestamp '2025-06-30 01:32:53', timestamp '2026-01-02 18:38:28', timestamp '2025-10-26 16:22:35', timestamp '2025-12-22 03:13:03', timestamp '2025-05-28 22:38:47', timestamp '2025-12-20 01:45:00', timestamp '2025-12-24 05:21:05', timestamp '2025-11-11 00:46:09', timestamp '2025-10-26 02:07:25', timestamp '2025-08-14 04:39:28']);
INSERT INTO Propriedade (id_localizacao, nome, endereco, tipo, numero_quartos, numero_banheiros, preco_noite, min_noites, max_noites, max_hospedes, taxa_limpeza, horario_entrada, horario_saida, datas_disponiveis) VALUES (3, 'Cavalcanti Cirino - ME', 'Esplanada de Vasconcelos, 1', 'casa inteira', 3, 3, 28400, 3, 22, 3, 4900, '2025-05-23 21:31:40', '2025-09-10 20:56:22', ARRAY[timestamp '2025-08-19 15:11:49', timestamp '2025-07-18 18:52:54', timestamp '2025-05-26 19:36:32', timestamp '2025-12-23 13:27:30', timestamp '2025-11-03 20:51:49', timestamp '2025-03-01 10:57:43', timestamp '2025-09-17 15:51:00', timestamp '2025-11-27 01:05:28', timestamp '2025-11-24 13:43:42', timestamp '2025-12-23 02:56:23', timestamp '2025-03-10 19:39:58', timestamp '2026-01-13 15:30:14', timestamp '2025-06-13 09:23:37', timestamp '2025-03-30 03:41:33', timestamp '2026-01-24 18:55:38']);
INSERT INTO Propriedade (id_localizacao, nome, endereco, tipo, numero_quartos, numero_banheiros, preco_noite, min_noites, max_noites, max_hospedes, taxa_limpeza, horario_entrada, horario_saida, datas_disponiveis) VALUES (4, 'Câmara', 'Estação Albuquerque, 29', 'quarto compartilhado', 4, 3, 31600, 3, 14, 1, 5500, '2025-07-17 09:21:50', '2025-09-21 04:46:36', ARRAY[timestamp '2025-02-11 13:31:12', timestamp '2025-03-28 06:52:50', timestamp '2025-11-22 13:27:23', timestamp '2025-11-13 18:45:53', timestamp '2025-07-15 17:24:15', timestamp '2025-07-02 06:12:02', timestamp '2025-02-18 20:40:07', timestamp '2026-01-20 10:12:14', timestamp '2025-09-27 11:55:10', timestamp '2025-12-03 06:35:40', timestamp '2025-11-21 11:20:36', timestamp '2025-06-24 11:20:52', timestamp '2025-02-28 02:02:46', timestamp '2025-09-09 18:02:38', timestamp '2025-06-28 10:27:33']);
INSERT INTO Propriedade (id_localizacao, nome, endereco, tipo, numero_quartos, numero_banheiros, preco_noite, min_noites, max_noites, max_hospedes, taxa_limpeza, horario_entrada, horario_saida, datas_disponiveis) VALUES (5, 'Rios - EI', 'Residencial Campos, 55', 'casa inteira', 3, 2, 31200, 4, 19, 6, 12000, '2025-09-04 01:53:12', '2026-03-27 02:59:36', ARRAY[timestamp '2025-08-13 15:49:49', timestamp '2025-10-29 15:21:54', timestamp '2025-10-17 22:41:17', timestamp '2025-08-08 08:14:59', timestamp '2025-06-03 01:30:37', timestamp '2025-08-22 01:49:20', timestamp '2025-10-10 13:53:10', timestamp '2025-03-28 01:00:00', timestamp '2025-04-01 05:01:44', timestamp '2025-09-19 21:52:24', timestamp '2026-01-02 01:10:54', timestamp '2025-09-05 10:37:23', timestamp '2025-09-28 07:39:42', timestamp '2025-07-08 04:36:16', timestamp '2025-06-21 18:16:55']);
INSERT INTO Propriedade (id_localizacao, nome, endereco, tipo, numero_quartos, numero_banheiros, preco_noite, min_noites, max_noites, max_hospedes, taxa_limpeza, horario_entrada, horario_saida, datas_disponiveis) VALUES (6, 'Macedo', 'Estrada de Vasconcelos', 'casa inteira', 4, 2, 42200, 4, 20, 10, 10300, '2025-10-16 21:10:34', '2025-12-09 11:47:37', ARRAY[timestamp '2025-09-27 16:45:31', timestamp '2025-05-06 07:27:03', timestamp '2025-03-25 04:17:16', timestamp '2025-06-21 00:18:54', timestamp '2025-11-12 07:01:58', timestamp '2025-03-12 21:16:11', timestamp '2025-06-02 01:14:03', timestamp '2025-07-10 08:24:18', timestamp '2026-01-06 19:21:00', timestamp '2026-01-20 14:58:16', timestamp '2025-08-10 01:09:49', timestamp '2025-04-27 04:06:58', timestamp '2025-12-06 05:02:50', timestamp '2025-11-24 16:19:19', timestamp '2026-01-10 18:31:26']);
INSERT INTO Propriedade (id_localizacao, nome, endereco, tipo, numero_quartos, numero_banheiros, preco_noite, min_noites, max_noites, max_hospedes, taxa_limpeza, horario_entrada, horario_saida, datas_disponiveis) VALUES (7, 'Oliveira Santos S/A', 'Quadra Moreira, 109', 'quarto compartilhado', 1, 1, 77800, 1, 25, 5, 4900, '2025-05-31 05:08:43', '2025-09-14 19:23:04', ARRAY[timestamp '2025-06-29 07:42:33', timestamp '2025-04-06 05:50:30', timestamp '2025-07-11 10:06:53', timestamp '2026-01-17 01:35:56', timestamp '2025-12-06 19:08:11', timestamp '2025-02-04 08:16:12', timestamp '2025-03-25 07:00:16', timestamp '2025-09-14 00:44:31', timestamp '2025-12-23 18:54:31', timestamp '2025-11-23 01:52:20', timestamp '2025-03-05 18:54:35', timestamp '2025-04-21 10:13:31', timestamp '2025-10-26 12:19:00', timestamp '2025-09-13 22:50:08', timestamp '2026-01-24 05:51:47']);
INSERT INTO Propriedade (id_localizacao, nome, endereco, tipo, numero_quartos, numero_banheiros, preco_noite, min_noites, max_noites, max_hospedes, taxa_limpeza, horario_entrada, horario_saida, datas_disponiveis) VALUES (8, 'Sá Albuquerque S.A.', 'Quadra Catarina Novais, 32', 'quarto compartilhado', 5, 1, 90500, 2, 18, 7, 2200, '2025-11-26 02:27:38', '2026-11-14 08:47:18', ARRAY[timestamp '2025-07-30 06:15:02', timestamp '2025-09-11 16:32:29', timestamp '2025-04-10 17:28:58', timestamp '2025-05-15 21:06:33', timestamp '2025-11-22 11:20:10', timestamp '2026-01-13 12:53:03', timestamp '2025-12-21 15:42:04', timestamp '2025-12-15 22:43:04', timestamp '2025-08-04 14:42:39', timestamp '2025-08-21 22:29:40', timestamp '2025-10-22 14:22:57', timestamp '2025-12-30 15:18:58', timestamp '2025-06-06 16:45:18', timestamp '2025-04-09 12:15:13', timestamp '2025-10-14 16:25:13']);
INSERT INTO Propriedade (id_localizacao, nome, endereco, tipo, numero_quartos, numero_banheiros, preco_noite, min_noites, max_noites, max_hospedes, taxa_limpeza, horario_entrada, horario_saida, datas_disponiveis) VALUES (9, 'Montenegro', 'Estação Cecília Castro, 55', 'quarto individual', 1, 1, 26100, 3, 13, 8, 4700, '2025-08-25 22:37:31', '2025-09-29 01:21:17', ARRAY[timestamp '2025-02-17 19:16:22', timestamp '2025-07-19 03:11:24', timestamp '2025-08-08 08:18:52', timestamp '2025-12-30 00:03:04', timestamp '2025-11-17 03:28:22', timestamp '2025-04-24 20:27:55', timestamp '2025-10-07 01:24:54', timestamp '2025-06-12 07:36:42', timestamp '2025-03-31 12:49:25', timestamp '2025-09-06 15:10:32', timestamp '2026-01-28 07:08:02', timestamp '2025-08-03 02:33:48', timestamp '2025-02-06 05:56:19', timestamp '2025-05-26 19:47:53', timestamp '2025-12-02 17:10:37']);
INSERT INTO Propriedade (id_localizacao, nome, endereco, tipo, numero_quartos, numero_banheiros, preco_noite, min_noites, max_noites, max_hospedes, taxa_limpeza, horario_entrada, horario_saida, datas_disponiveis) VALUES (10, 'Barros', 'Praia Vicente Araújo, 2', 'quarto compartilhado', 5, 3, 78000, 3, 11, 6, 7900, '2025-11-21 04:24:19', '2026-01-30 06:46:27', ARRAY[timestamp '2026-01-28 14:00:19', timestamp '2025-09-28 12:48:31', timestamp '2025-12-14 02:17:13', timestamp '2025-06-20 20:31:23', timestamp '2025-10-05 09:43:00', timestamp '2025-04-08 07:09:43', timestamp '2025-04-28 12:26:35', timestamp '2025-05-13 20:40:58', timestamp '2026-01-19 04:26:12', timestamp '2025-04-13 15:28:45', timestamp '2026-01-03 19:01:19', timestamp '2025-04-29 09:22:16', timestamp '2025-12-26 19:33:06', timestamp '2025-03-21 14:41:09', timestamp '2025-10-23 10:13:37']);
INSERT INTO Propriedade (id_localizacao, nome, endereco, tipo, numero_quartos, numero_banheiros, preco_noite, min_noites, max_noites, max_hospedes, taxa_limpeza, horario_entrada, horario_saida, datas_disponiveis) VALUES (11, 'Pinto e Filhos', 'Jardim Alves, 37', 'quarto individual', 5, 1, 18200, 3, 17, 8, 19500, '2025-11-10 05:55:15', '2025-12-17 08:16:42', ARRAY[timestamp '2025-09-02 16:54:06', timestamp '2025-07-24 03:42:54', timestamp '2025-07-09 01:35:04', timestamp '2025-04-20 20:24:55', timestamp '2025-04-16 01:15:17', timestamp '2025-12-17 22:01:58', timestamp '2025-11-25 20:10:20', timestamp '2025-11-30 08:15:27', timestamp '2025-04-15 10:36:31', timestamp '2025-09-29 17:45:18', timestamp '2025-12-03 21:11:51', timestamp '2025-03-12 11:08:41', timestamp '2025-10-21 15:34:38', timestamp '2026-01-12 01:13:38', timestamp '2025-09-28 03:54:11']);
INSERT INTO Propriedade (id_localizacao, nome, endereco, tipo, numero_quartos, numero_banheiros, preco_noite, min_noites, max_noites, max_hospedes, taxa_limpeza, horario_entrada, horario_saida, datas_disponiveis) VALUES (12, 'Cardoso Garcia e Filhos', 'Avenida Pedro Pereira, 64', 'casa inteira', 5, 3, 5400, 5, 15, 10, 10700, '2025-07-26 19:01:52', '2025-10-21 10:46:53', ARRAY[timestamp '2026-01-03 02:27:25', timestamp '2025-03-18 10:29:29', timestamp '2025-05-25 01:52:18', timestamp '2025-06-02 04:01:36', timestamp '2025-04-05 00:16:54', timestamp '2026-01-22 03:30:58', timestamp '2025-02-23 01:23:11', timestamp '2025-03-17 14:40:58', timestamp '2025-08-25 09:18:07', timestamp '2025-07-13 14:35:56', timestamp '2025-05-09 01:48:34', timestamp '2025-10-28 20:42:22', timestamp '2026-01-06 17:15:01', timestamp '2025-05-16 12:37:04', timestamp '2025-03-29 02:05:31']);
INSERT INTO Propriedade (id_localizacao, nome, endereco, tipo, numero_quartos, numero_banheiros, preco_noite, min_noites, max_noites, max_hospedes, taxa_limpeza, horario_entrada, horario_saida, datas_disponiveis) VALUES (13, 'Guerra', 'Estrada Nogueira, 877', 'quarto compartilhado', 1, 1, 54500, 4, 23, 1, 14100, '2025-03-07 19:00:20', '2025-04-01 00:49:50', ARRAY[timestamp '2025-04-22 02:07:14', timestamp '2025-11-23 00:00:25', timestamp '2025-08-02 21:27:08', timestamp '2025-12-03 13:20:28', timestamp '2025-06-21 14:54:47', timestamp '2025-05-13 16:33:51', timestamp '2025-04-10 09:40:21', timestamp '2025-06-24 17:25:45', timestamp '2025-03-29 01:01:47', timestamp '2025-07-10 19:22:17', timestamp '2025-06-02 11:43:52', timestamp '2025-07-09 13:06:27', timestamp '2025-08-13 17:01:15', timestamp '2025-04-03 16:47:02', timestamp '2025-04-12 05:27:10']);
INSERT INTO Propriedade (id_localizacao, nome, endereco, tipo, numero_quartos, numero_banheiros, preco_noite, min_noites, max_noites, max_hospedes, taxa_limpeza, horario_entrada, horario_saida, datas_disponiveis) VALUES (14, 'Sá', 'Vale Alice da Paz, 6', 'quarto individual', 1, 1, 85300, 2, 28, 10, 15000, '2025-03-03 05:52:44', '2025-10-18 07:18:19', ARRAY[timestamp '2025-06-10 19:32:52', timestamp '2026-01-11 08:18:32', timestamp '2025-12-29 18:55:11', timestamp '2025-08-06 15:28:31', timestamp '2025-12-11 20:17:32', timestamp '2025-10-23 04:27:49', timestamp '2025-07-23 02:46:01', timestamp '2025-08-27 19:04:30', timestamp '2026-01-03 04:11:27', timestamp '2025-11-28 05:41:11', timestamp '2025-04-04 17:48:20', timestamp '2025-10-07 04:17:54', timestamp '2025-10-14 05:27:02', timestamp '2025-02-01 16:25:10', timestamp '2025-06-09 12:30:44']);
INSERT INTO Propriedade (id_localizacao, nome, endereco, tipo, numero_quartos, numero_banheiros, preco_noite, min_noites, max_noites, max_hospedes, taxa_limpeza, horario_entrada, horario_saida, datas_disponiveis) VALUES (15, 'Moura', 'Estação Marcelo Pastor, 7', 'quarto compartilhado', 5, 3, 35100, 3, 21, 10, 5900, '2025-12-29 15:00:02', '2026-01-02 17:18:03', ARRAY[timestamp '2025-09-26 00:10:56', timestamp '2025-12-06 19:04:46', timestamp '2025-06-25 07:10:48', timestamp '2025-07-20 11:26:16', timestamp '2025-12-06 19:25:21', timestamp '2025-09-15 11:24:32', timestamp '2025-12-31 20:38:03', timestamp '2025-10-12 21:23:59', timestamp '2025-07-01 21:21:58', timestamp '2025-03-01 08:00:32', timestamp '2025-05-04 04:52:00', timestamp '2025-09-25 19:15:21', timestamp '2025-02-02 17:53:11', timestamp '2026-01-17 16:44:52', timestamp '2025-09-08 16:01:56']);
INSERT INTO Quarto (id_propriedade, numero_camas, tipo_cama, banheiro_privativo) VALUES (1, 3, 'Solteiro', False);
INSERT INTO Quarto (id_propriedade, numero_camas, tipo_cama, banheiro_privativo) VALUES (2, 1, 'King', True);
INSERT INTO Quarto (id_propriedade, numero_camas, tipo_cama, banheiro_privativo) VALUES (3, 1, 'King', False);
INSERT INTO Quarto (id_propriedade, numero_camas, tipo_cama, banheiro_privativo) VALUES (4, 3, 'King', True);
INSERT INTO Quarto (id_propriedade, numero_camas, tipo_cama, banheiro_privativo) VALUES (5, 4, 'Casal', True);
INSERT INTO Quarto (id_propriedade, numero_camas, tipo_cama, banheiro_privativo) VALUES (6, 2, 'Solteiro', False);
INSERT INTO Quarto (id_propriedade, numero_camas, tipo_cama, banheiro_privativo) VALUES (7, 4, 'Solteiro', True);
INSERT INTO Quarto (id_propriedade, numero_camas, tipo_cama, banheiro_privativo) VALUES (8, 4, 'Solteiro', True);
INSERT INTO Quarto (id_propriedade, numero_camas, tipo_cama, banheiro_privativo) VALUES (9, 4, 'Solteiro', True);
INSERT INTO Quarto (id_propriedade, numero_camas, tipo_cama, banheiro_privativo) VALUES (10, 3, 'King', True);
INSERT INTO Quarto (id_propriedade, numero_camas, tipo_cama, banheiro_privativo) VALUES (11, 4, 'King', True);
INSERT INTO Quarto (id_propriedade, numero_camas, tipo_cama, banheiro_privativo) VALUES (12, 1, 'Solteiro', False);
INSERT INTO Quarto (id_propriedade, numero_camas, tipo_cama, banheiro_privativo) VALUES (13, 4, 'Queen', False);
INSERT INTO Quarto (id_propriedade, numero_camas, tipo_cama, banheiro_privativo) VALUES (14, 3, 'King', True);
INSERT INTO Quarto (id_propriedade, numero_camas, tipo_cama, banheiro_privativo) VALUES (15, 1, 'Solteiro', True);
INSERT INTO Mensagem (CPF_remetente, CPF_destinatario, texto) VALUES ('30581947223', '80394612515', 'Occaecati nam eos alias asperiores. Nisi vero fugit rem officia magnam.
Cum consectetur aliquid sed et accusantium ea. Asperiores in asperiores debitis culpa qui non inventore.');
INSERT INTO Mensagem (CPF_remetente, CPF_destinatario, texto) VALUES ('30581947223', '80394612515', 'Ducimus dolores doloribus excepturi hic. Pariatur consequatur amet quae iure. Ipsum dicta sit reprehenderit labore saepe. Neque culpa odio recusandae possimus cum eum.');
INSERT INTO Mensagem (CPF_remetente, CPF_destinatario, texto) VALUES ('30581947223', '80394612515', 'Veritatis placeat occaecati quod delectus. Neque tenetur nostrum. Maiores non mollitia modi architecto.
Exercitationem debitis non sequi molestiae laboriosam. Dolore quos velit laborum.');
INSERT INTO Mensagem (CPF_remetente, CPF_destinatario, texto) VALUES ('30581947223', '80394612515', 'Dolor unde laborum placeat corrupti sapiente natus. Consequuntur maxime laudantium alias velit. Dicta velit corrupti commodi vero.');
INSERT INTO Mensagem (CPF_remetente, CPF_destinatario, texto) VALUES ('30581947223', '80394612515', 'Maiores animi pariatur ut. Illo sed consectetur sint quisquam voluptatum hic. Provident laboriosam mollitia corrupti nam id magni laudantium.
Quae nisi ipsum libero deserunt numquam voluptate.');
INSERT INTO Mensagem (CPF_remetente, CPF_destinatario, texto) VALUES ('30581947223', '80394612515', 'Debitis necessitatibus rem expedita. Ex blanditiis dicta voluptates ducimus. Sunt iure distinctio nam dolores laboriosam commodi nihil. Error libero labore saepe.');
INSERT INTO Mensagem (CPF_remetente, CPF_destinatario, texto) VALUES ('30581947223', '80394612515', 'Id optio quas temporibus optio tempora excepturi architecto. Optio voluptas ducimus maiores. Nulla corporis animi dicta.
Est debitis blanditiis voluptates.');
INSERT INTO Mensagem (CPF_remetente, CPF_destinatario, texto) VALUES ('30581947223', '80394612515', 'Accusantium saepe asperiores.
Consequatur nemo dicta architecto dignissimos accusantium. Blanditiis id nisi harum. Ipsum sint ut animi odio aliquam.');
INSERT INTO Mensagem (CPF_remetente, CPF_destinatario, texto) VALUES ('30581947223', '80394612515', 'Eligendi inventore earum fuga. Asperiores aspernatur corrupti eligendi facilis voluptas earum nemo.');
INSERT INTO Mensagem (CPF_remetente, CPF_destinatario, texto) VALUES ('30581947223', '80394612515', 'Aperiam tenetur labore dolor amet natus cumque. Quis voluptate corrupti saepe saepe accusantium veniam temporibus. Quo ipsum eum laboriosam repellendus dicta.');
INSERT INTO Mensagem (CPF_remetente, CPF_destinatario, texto) VALUES ('30581947223', '80394612515', 'Iste esse dolores.');
INSERT INTO Mensagem (CPF_remetente, CPF_destinatario, texto) VALUES ('30581947223', '80394612515', 'Accusamus eveniet velit odio corrupti eum voluptatibus. Nemo dolorem eaque expedita voluptates incidunt.');
INSERT INTO Mensagem (CPF_remetente, CPF_destinatario, texto) VALUES ('30581947223', '80394612515', 'Quod debitis repellat perferendis earum. Quae iure dolorem exercitationem illo hic impedit. Nihil pariatur et non illo necessitatibus eos.');
INSERT INTO Mensagem (CPF_remetente, CPF_destinatario, texto) VALUES ('30581947223', '80394612515', 'Tenetur quasi eius veritatis magni. Animi odio ipsum rem beatae eius.');
INSERT INTO Mensagem (CPF_remetente, CPF_destinatario, texto) VALUES ('30581947223', '80394612515', 'Modi at eveniet cum blanditiis. Molestias suscipit unde ducimus optio porro quas. Omnis necessitatibus nobis ut ab architecto.');
INSERT INTO Avaliacao (id_mensagem, id_propriedade, classificacao_limpeza, classificacao_estrutura, nota_comunicacao, nota_localizacao, nota_valor) VALUES (1, 1, 0, 2, 4, 1, 0);
INSERT INTO Avaliacao (id_mensagem, id_propriedade, classificacao_limpeza, classificacao_estrutura, nota_comunicacao, nota_localizacao, nota_valor) VALUES (2, 2, 5, 0, 2, 7, 3);
INSERT INTO Avaliacao (id_mensagem, id_propriedade, classificacao_limpeza, classificacao_estrutura, nota_comunicacao, nota_localizacao, nota_valor) VALUES (3, 3, 1, 0, 8, 4, 2);
INSERT INTO Avaliacao (id_mensagem, id_propriedade, classificacao_limpeza, classificacao_estrutura, nota_comunicacao, nota_localizacao, nota_valor) VALUES (4, 4, 5, 2, 0, 6, 7);
INSERT INTO Avaliacao (id_mensagem, id_propriedade, classificacao_limpeza, classificacao_estrutura, nota_comunicacao, nota_localizacao, nota_valor) VALUES (5, 5, 3, 2, 7, 7, 1);
INSERT INTO Avaliacao (id_mensagem, id_propriedade, classificacao_limpeza, classificacao_estrutura, nota_comunicacao, nota_localizacao, nota_valor) VALUES (6, 6, 4, 0, 9, 2, 4);
INSERT INTO Avaliacao (id_mensagem, id_propriedade, classificacao_limpeza, classificacao_estrutura, nota_comunicacao, nota_localizacao, nota_valor) VALUES (7, 7, 4, 3, 6, 4, 2);
INSERT INTO Avaliacao (id_mensagem, id_propriedade, classificacao_limpeza, classificacao_estrutura, nota_comunicacao, nota_localizacao, nota_valor) VALUES (8, 8, 5, 5, 9, 7, 10);
INSERT INTO Avaliacao (id_mensagem, id_propriedade, classificacao_limpeza, classificacao_estrutura, nota_comunicacao, nota_localizacao, nota_valor) VALUES (9, 9, 5, 2, 4, 6, 8);
INSERT INTO Avaliacao (id_mensagem, id_propriedade, classificacao_limpeza, classificacao_estrutura, nota_comunicacao, nota_localizacao, nota_valor) VALUES (10, 10, 5, 5, 9, 9, 8);
INSERT INTO Avaliacao (id_mensagem, id_propriedade, classificacao_limpeza, classificacao_estrutura, nota_comunicacao, nota_localizacao, nota_valor) VALUES (11, 11, 2, 1, 0, 8, 0);
INSERT INTO Avaliacao (id_mensagem, id_propriedade, classificacao_limpeza, classificacao_estrutura, nota_comunicacao, nota_localizacao, nota_valor) VALUES (12, 12, 4, 2, 7, 2, 10);
INSERT INTO Avaliacao (id_mensagem, id_propriedade, classificacao_limpeza, classificacao_estrutura, nota_comunicacao, nota_localizacao, nota_valor) VALUES (13, 13, 3, 5, 0, 1, 1);
INSERT INTO Avaliacao (id_mensagem, id_propriedade, classificacao_limpeza, classificacao_estrutura, nota_comunicacao, nota_localizacao, nota_valor) VALUES (14, 14, 3, 0, 10, 1, 8);
INSERT INTO Avaliacao (id_mensagem, id_propriedade, classificacao_limpeza, classificacao_estrutura, nota_comunicacao, nota_localizacao, nota_valor) VALUES (15, 15, 3, 2, 6, 1, 2);
INSERT INTO Reserva (CPF_locatario, CPF_locador, id_propriedade, data_reserva, data_checkin, data_checkout, numero_hospedes, imposto, preco_total_estadia, preco_total_imposto_limpeza, status) VALUES ('30581947223', '80394612515', 1, '2025-12-25 07:13:50', '2026-12-24 01:11:08', '2027-01-24 01:05:24', 5, 37900, 270100, 14200, False);
INSERT INTO Reserva (CPF_locatario, CPF_locador, id_propriedade, data_reserva, data_checkin, data_checkout, numero_hospedes, imposto, preco_total_estadia, preco_total_imposto_limpeza, status) VALUES ('80394612515', '96074583200', 2, '2025-07-19 20:53:07', '2026-01-31 02:37:31', '2026-03-11 10:35:59', 2, 39300, 206800, 26400, False);
INSERT INTO Reserva (CPF_locatario, CPF_locador, id_propriedade, data_reserva, data_checkin, data_checkout, numero_hospedes, imposto, preco_total_estadia, preco_total_imposto_limpeza, status) VALUES ('96074583200', '86103429722', 3, '2025-02-26 05:22:32', '2025-12-26 12:17:00', '2026-01-16 00:15:11', 4, 34200, 497900, 11700, True);
INSERT INTO Reserva (CPF_locatario, CPF_locador, id_propriedade, data_reserva, data_checkin, data_checkout, numero_hospedes, imposto, preco_total_estadia, preco_total_imposto_limpeza, status) VALUES ('86103429722', '53741968048', 4, '2025-06-05 20:29:21', '2025-06-26 04:42:40', '2025-10-16 04:13:08', 4, 16800, 299400, 24300, True);
INSERT INTO Reserva (CPF_locatario, CPF_locador, id_propriedade, data_reserva, data_checkin, data_checkout, numero_hospedes, imposto, preco_total_estadia, preco_total_imposto_limpeza, status) VALUES ('53741968048', '82390517404', 5, '2025-12-31 09:44:13', '2026-09-16 00:41:23', '2027-05-09 04:39:36', 5, 39100, 47200, 73600, True);
INSERT INTO Reserva (CPF_locatario, CPF_locador, id_propriedade, data_reserva, data_checkin, data_checkout, numero_hospedes, imposto, preco_total_estadia, preco_total_imposto_limpeza, status) VALUES ('82390517404', '43165790884', 6, '2025-08-28 05:51:05', '2026-06-04 03:57:08', '2026-11-16 05:49:28', 1, 38500, 400400, 5700, False);
INSERT INTO Reserva (CPF_locatario, CPF_locador, id_propriedade, data_reserva, data_checkin, data_checkout, numero_hospedes, imposto, preco_total_estadia, preco_total_imposto_limpeza, status) VALUES ('43165790884', '42186509342', 7, '2025-05-07 10:12:10', '2025-11-07 19:51:43', '2026-08-28 00:08:33', 3, 39300, 129900, 98100, False);
INSERT INTO Reserva (CPF_locatario, CPF_locador, id_propriedade, data_reserva, data_checkin, data_checkout, numero_hospedes, imposto, preco_total_estadia, preco_total_imposto_limpeza, status) VALUES ('42186509342', '42013857608', 8, '2025-02-12 06:53:32', '2025-03-31 03:47:04', '2025-06-23 04:30:27', 5, 29400, 11000, 9700, False);
INSERT INTO Reserva (CPF_locatario, CPF_locador, id_propriedade, data_reserva, data_checkin, data_checkout, numero_hospedes, imposto, preco_total_estadia, preco_total_imposto_limpeza, status) VALUES ('42013857608', '37529480600', 9, '2025-11-07 17:42:56', '2026-02-26 19:55:44', '2026-05-08 22:25:19', 2, 26800, 397300, 92100, True);
INSERT INTO Reserva (CPF_locatario, CPF_locador, id_propriedade, data_reserva, data_checkin, data_checkout, numero_hospedes, imposto, preco_total_estadia, preco_total_imposto_limpeza, status) VALUES ('37529480600', '24053867126', 10, '2025-09-05 01:09:12', '2026-03-16 03:59:54', '2026-05-24 12:19:33', 4, 18800, 488400, 27000, False);
INSERT INTO Reserva (CPF_locatario, CPF_locador, id_propriedade, data_reserva, data_checkin, data_checkout, numero_hospedes, imposto, preco_total_estadia, preco_total_imposto_limpeza, status) VALUES ('24053867126', '17290635868', 11, '2025-12-20 10:13:56', '2026-04-19 23:50:30', '2027-01-26 22:10:22', 2, 38400, 144100, 54600, True);
INSERT INTO Reserva (CPF_locatario, CPF_locador, id_propriedade, data_reserva, data_checkin, data_checkout, numero_hospedes, imposto, preco_total_estadia, preco_total_imposto_limpeza, status) VALUES ('17290635868', '26798354092', 12, '2025-06-22 11:17:10', '2025-08-19 06:08:18', '2025-08-23 12:07:49', 3, 26200, 290900, 58700, True);
INSERT INTO Reserva (CPF_locatario, CPF_locador, id_propriedade, data_reserva, data_checkin, data_checkout, numero_hospedes, imposto, preco_total_estadia, preco_total_imposto_limpeza, status) VALUES ('26798354092', '79415036893', 13, '2025-10-13 06:18:27', '2026-05-12 17:36:29', '2026-11-20 03:51:52', 2, 17300, 422500, 70200, False);
INSERT INTO Reserva (CPF_locatario, CPF_locador, id_propriedade, data_reserva, data_checkin, data_checkout, numero_hospedes, imposto, preco_total_estadia, preco_total_imposto_limpeza, status) VALUES ('79415036893', '70941536270', 14, '2025-08-26 12:13:10', '2026-04-13 15:58:49', '2027-04-04 17:43:19', 3, 24900, 456300, 84500, False);
INSERT INTO Reserva (CPF_locatario, CPF_locador, id_propriedade, data_reserva, data_checkin, data_checkout, numero_hospedes, imposto, preco_total_estadia, preco_total_imposto_limpeza, status) VALUES ('70941536270', '30581947223', 15, '2025-09-05 11:16:49', '2025-09-28 08:23:30', '2026-02-14 19:22:33', 1, 9700, 21100, 10100, False);
INSERT INTO PontoDeInteresse (id_localizacao, nome) VALUES (1, 'Fonseca');
INSERT INTO PontoDeInteresse (id_localizacao, nome) VALUES (2, 'Rocha S/A');
INSERT INTO PontoDeInteresse (id_localizacao, nome) VALUES (3, 'Novais');
INSERT INTO PontoDeInteresse (id_localizacao, nome) VALUES (4, 'Correia');
INSERT INTO PontoDeInteresse (id_localizacao, nome) VALUES (5, 'Araújo');
INSERT INTO PontoDeInteresse (id_localizacao, nome) VALUES (6, 'Dias');
INSERT INTO PontoDeInteresse (id_localizacao, nome) VALUES (7, 'da Cunha');
INSERT INTO PontoDeInteresse (id_localizacao, nome) VALUES (8, 'Fogaça');
INSERT INTO PontoDeInteresse (id_localizacao, nome) VALUES (9, 'Cirino');
INSERT INTO PontoDeInteresse (id_localizacao, nome) VALUES (10, 'Moura Barros e Filhos');
INSERT INTO PontoDeInteresse (id_localizacao, nome) VALUES (11, 'Campos Ltda.');
INSERT INTO PontoDeInteresse (id_localizacao, nome) VALUES (12, 'Correia');
INSERT INTO PontoDeInteresse (id_localizacao, nome) VALUES (13, 'Ferreira Ramos - EI');
INSERT INTO PontoDeInteresse (id_localizacao, nome) VALUES (14, 'Rezende S/A');
INSERT INTO PontoDeInteresse (id_localizacao, nome) VALUES (15, 'Caldeira');
