INSERT INTO ContaBancaria (numero_conta, agencia, tipo_conta) VALUES ('67130187826', '59945879', 'Poupança');
INSERT INTO ContaBancaria (numero_conta, agencia, tipo_conta) VALUES ('82763492198', '64780834', 'Poupança');
INSERT INTO ContaBancaria (numero_conta, agencia, tipo_conta) VALUES ('32095410222', '86158195', 'Corrente');
INSERT INTO ContaBancaria (numero_conta, agencia, tipo_conta) VALUES ('48288107800', '95117316', 'Corrente');
INSERT INTO ContaBancaria (numero_conta, agencia, tipo_conta) VALUES ('69129404611', '22675929', 'Corrente');
INSERT INTO ContaBancaria (numero_conta, agencia, tipo_conta) VALUES ('56494584588', '99634273', 'Corrente');
INSERT INTO ContaBancaria (numero_conta, agencia, tipo_conta) VALUES ('72461636019', '84040827', 'Corrente');
INSERT INTO ContaBancaria (numero_conta, agencia, tipo_conta) VALUES ('17775184856', '31611272', 'Corrente');
INSERT INTO ContaBancaria (numero_conta, agencia, tipo_conta) VALUES ('11932580841', '55217086', 'Corrente');
INSERT INTO ContaBancaria (numero_conta, agencia, tipo_conta) VALUES ('45972069976', '18750039', 'Corrente');
INSERT INTO ContaBancaria (numero_conta, agencia, tipo_conta) VALUES ('54081324057', '75092305', 'Poupança');
INSERT INTO ContaBancaria (numero_conta, agencia, tipo_conta) VALUES ('34177987629', '17717097', 'Corrente');
INSERT INTO ContaBancaria (numero_conta, agencia, tipo_conta) VALUES ('87325914392', '84052420', 'Poupança');
INSERT INTO ContaBancaria (numero_conta, agencia, tipo_conta) VALUES ('18188213133', '71654372', 'Corrente');
INSERT INTO ContaBancaria (numero_conta, agencia, tipo_conta) VALUES ('77916527726', '46239562', 'Poupança');
INSERT INTO Localizacao (cep, cidade, estado, pais, bairro) VALUES ('96448515', 'Sampaio', 'AM', 'Brasil', 'São Marcos');
INSERT INTO Localizacao (cep, cidade, estado, pais, bairro) VALUES ('52443285', 'Montenegro Grande', 'AP', 'Brasil', 'Tupi A');
INSERT INTO Localizacao (cep, cidade, estado, pais, bairro) VALUES ('11671924', 'Mendes', 'CE', 'Brasil', 'Conjunto Serra Verde');
INSERT INTO Localizacao (cep, cidade, estado, pais, bairro) VALUES ('48977972', 'Garcia', 'DF', 'Brasil', 'Santa Branca');
INSERT INTO Localizacao (cep, cidade, estado, pais, bairro) VALUES ('09486198', 'Borges de Cavalcanti', 'GO', 'Brasil', 'Graça');
INSERT INTO Localizacao (cep, cidade, estado, pais, bairro) VALUES ('76307591', 'Abreu', 'AC', 'Brasil', 'Antonio Ribeiro De Abreu 1ª Seção');
INSERT INTO Localizacao (cep, cidade, estado, pais, bairro) VALUES ('04392763', 'Martins', 'AP', 'Brasil', 'Nova Gameleira');
INSERT INTO Localizacao (cep, cidade, estado, pais, bairro) VALUES ('42827945', 'Martins do Amparo', 'PE', 'Brasil', 'Vila Ipiranga');
INSERT INTO Localizacao (cep, cidade, estado, pais, bairro) VALUES ('00840270', 'Sá do Norte', 'CE', 'Brasil', 'Vila Copasa');
INSERT INTO Localizacao (cep, cidade, estado, pais, bairro) VALUES ('18178063', 'da Rocha das Flores', 'PI', 'Brasil', 'Novo Santa Cecilia');
INSERT INTO Localizacao (cep, cidade, estado, pais, bairro) VALUES ('86778253', 'Câmara de Souza', 'AP', 'Brasil', 'Vila Sesc');
INSERT INTO Localizacao (cep, cidade, estado, pais, bairro) VALUES ('17442491', 'Mendonça', 'ES', 'Brasil', 'Nova Esperança');
INSERT INTO Localizacao (cep, cidade, estado, pais, bairro) VALUES ('20481299', 'da Paz', 'SC', 'Brasil', 'Tirol');
INSERT INTO Localizacao (cep, cidade, estado, pais, bairro) VALUES ('19431543', 'da Cunha de Sampaio', 'PE', 'Brasil', 'Flavio De Oliveira');
INSERT INTO Localizacao (cep, cidade, estado, pais, bairro) VALUES ('72682224', 'Azevedo do Norte', 'MT', 'Brasil', 'Castelo');
INSERT INTO Usuario (CPF, conta_bancaria, id_localizacao, nome, sobrenome, locador, locatario, data_nascimento, sexo, telefone, email, senha) VALUES ('36957182428', '72461636019', 1, 'Alana', 'Rodrigues', False, True, '1962-02-20', 'F', '9859511023', 'ianda-rosa@example.com', '&G8CSgJF*#xA');
INSERT INTO Usuario (CPF, conta_bancaria, id_localizacao, nome, sobrenome, locador, locatario, data_nascimento, sexo, telefone, email, senha) VALUES ('46709213803', '82763492198', 2, 'Caroline', 'da Conceição', True, True, '1950-03-14', 'M', '9986541550', 'beatrizpimenta@example.org', 'RD+vKydH)Hf7');
INSERT INTO Usuario (CPF, conta_bancaria, id_localizacao, nome, sobrenome, locador, locatario, data_nascimento, sexo, telefone, email, senha) VALUES ('84063729583', '34177987629', 3, 'Matheus', 'Sales', False, True, '1993-11-04', 'F', '9881395532', 'murilocorreia@example.com', '$RDf_Con_07Y');
INSERT INTO Usuario (CPF, conta_bancaria, id_localizacao, nome, sobrenome, locador, locatario, data_nascimento, sexo, telefone, email, senha) VALUES ('53182046942', '87325914392', 4, 'Gustavo Henrique', 'Guerra', True, False, '2000-04-02', 'M', '9507309088', 'bryanda-rosa@example.com', '&!K4NOrKu14!');
INSERT INTO Usuario (CPF, conta_bancaria, id_localizacao, nome, sobrenome, locador, locatario, data_nascimento, sexo, telefone, email, senha) VALUES ('63950148205', '77916527726', 5, 'Ana Lívia', 'Siqueira', False, True, '1995-08-29', 'F', '9979040256', 'leonardo79@example.com', 'm31MEmbwH+NH');
INSERT INTO Usuario (CPF, conta_bancaria, id_localizacao, nome, sobrenome, locador, locatario, data_nascimento, sexo, telefone, email, senha) VALUES ('06751823959', '82763492198', 6, 'Amanda', 'Cavalcante', False, False, '1964-03-22', 'M', '9667674039', 'antonio05@example.org', 'e5n)oxl3uVxQ');
INSERT INTO Usuario (CPF, conta_bancaria, id_localizacao, nome, sobrenome, locador, locatario, data_nascimento, sexo, telefone, email, senha) VALUES ('30126597499', '34177987629', 7, 'Eloá', 'Gomes', False, True, '1975-11-03', 'M', '9285982639', 'barrosmathias@example.net', '^&6ZBKuZ88wq');
INSERT INTO Usuario (CPF, conta_bancaria, id_localizacao, nome, sobrenome, locador, locatario, data_nascimento, sexo, telefone, email, senha) VALUES ('12609473869', '56494584588', 8, 'Luara', 'Caldeira', True, False, '1956-05-22', 'F', '9366455959', 'pintoclarice@example.com', 'VK+s3DNz03A&');
INSERT INTO Usuario (CPF, conta_bancaria, id_localizacao, nome, sobrenome, locador, locatario, data_nascimento, sexo, telefone, email, senha) VALUES ('38629175095', '34177987629', 9, 'Lorenzo', 'Aragão', True, False, '1987-10-26', 'F', '9125009653', 'barrosisaac@example.net', '+^Sf0zztp4Km');
INSERT INTO Usuario (CPF, conta_bancaria, id_localizacao, nome, sobrenome, locador, locatario, data_nascimento, sexo, telefone, email, senha) VALUES ('26058497329', '34177987629', 10, 'Isabel', 'Sousa', False, False, '2003-12-16', 'F', '9285508162', 'gsousa@example.net', 'I^2X9jyhS9km');
INSERT INTO Usuario (CPF, conta_bancaria, id_localizacao, nome, sobrenome, locador, locatario, data_nascimento, sexo, telefone, email, senha) VALUES ('67398542119', '54081324057', 11, 'Hadassa', 'Nogueira', True, True, '1998-05-05', 'M', '9577782310', 'lrodrigues@example.org', 'I$N0_Sv72nv7');
INSERT INTO Usuario (CPF, conta_bancaria, id_localizacao, nome, sobrenome, locador, locatario, data_nascimento, sexo, telefone, email, senha) VALUES ('70834195232', '17775184856', 12, 'Heitor', 'Nascimento', True, False, '1989-06-17', 'F', '9610353299', 'maria-luiza84@example.net', '3n5%x)z_F_eV');
INSERT INTO Usuario (CPF, conta_bancaria, id_localizacao, nome, sobrenome, locador, locatario, data_nascimento, sexo, telefone, email, senha) VALUES ('72598403150', '34177987629', 13, 'Ian', 'Lopes', True, True, '1951-05-15', 'M', '9141754932', 'dom45@example.com', '918j1+FfAC%$');
INSERT INTO Usuario (CPF, conta_bancaria, id_localizacao, nome, sobrenome, locador, locatario, data_nascimento, sexo, telefone, email, senha) VALUES ('79063182503', '34177987629', 14, 'Maria Julia', 'da Paz', False, False, '1982-11-25', 'F', '9125599432', 'bento68@example.org', '7jH+x0Xzp7%B');
INSERT INTO Usuario (CPF, conta_bancaria, id_localizacao, nome, sobrenome, locador, locatario, data_nascimento, sexo, telefone, email, senha) VALUES ('85263174900', '87325914392', 15, 'Olivia', 'Pastor', False, True, '1973-08-26', 'M', '9395345448', 'qda-cruz@example.net', '%+*Rf3FP&d5l');
INSERT INTO Propriedade (id_localizacao, nome, endereco, CPF_locador, tipo, numero_quartos, numero_banheiros, preco_noite, min_noites, max_noites, max_hospedes, taxa_limpeza, horario_entrada, horario_saida, datas_disponiveis) VALUES (1, 'Aparecida', 'Viela José Miguel da Luz, 8', '12609473869', 'quarto compartilhado', 4, 2, 17700, 3, 29, 2, 17300, '2025-12-08 20:07:12', '2026-03-07 10:29:58', ARRAY[timestamp '2025-09-29 12:15:54', timestamp '2025-02-16 18:54:57', timestamp '2025-03-07 11:25:23', timestamp '2025-05-18 06:17:47', timestamp '2025-09-01 09:14:03', timestamp '2025-11-10 03:29:37', timestamp '2025-09-25 19:02:58', timestamp '2025-04-25 20:03:14', timestamp '2025-03-01 20:36:45', timestamp '2025-09-06 17:54:53', timestamp '2025-08-18 09:02:41', timestamp '2025-03-13 03:45:22', timestamp '2026-01-25 01:24:14', timestamp '2025-12-21 06:22:28', timestamp '2025-04-09 10:40:24']);
INSERT INTO Propriedade (id_localizacao, nome, endereco, CPF_locador, tipo, numero_quartos, numero_banheiros, preco_noite, min_noites, max_noites, max_hospedes, taxa_limpeza, horario_entrada, horario_saida, datas_disponiveis) VALUES (2, 'da Rosa', 'Via Otávio Dias, 94', '53182046942', 'quarto individual', 5, 1, 40600, 4, 13, 4, 1200, '2025-10-25 00:29:14', '2025-12-18 17:32:03', ARRAY[timestamp '2025-10-10 15:38:09', timestamp '2026-01-28 05:36:05', timestamp '2025-04-29 11:14:44', timestamp '2025-10-17 10:34:46', timestamp '2025-11-22 20:03:49', timestamp '2025-03-21 01:25:09', timestamp '2025-02-22 00:32:32', timestamp '2025-08-20 09:25:19', timestamp '2025-08-18 12:39:36', timestamp '2025-03-27 15:29:27', timestamp '2025-06-05 21:33:49', timestamp '2025-09-08 02:19:37', timestamp '2025-03-25 01:36:42', timestamp '2025-03-18 17:03:32', timestamp '2025-03-10 03:48:44']);
INSERT INTO Propriedade (id_localizacao, nome, endereco, CPF_locador, tipo, numero_quartos, numero_banheiros, preco_noite, min_noites, max_noites, max_hospedes, taxa_limpeza, horario_entrada, horario_saida, datas_disponiveis) VALUES (3, 'Ribeiro Casa Grande S.A.', 'Loteamento Henrique Fogaça, 611', '46709213803', 'casa inteira', 2, 2, 52700, 5, 17, 1, 8100, '2025-11-26 06:02:03', '2026-04-11 14:07:39', ARRAY[timestamp '2025-04-22 06:28:48', timestamp '2025-02-16 06:07:56', timestamp '2025-05-23 11:30:05', timestamp '2025-12-29 05:00:28', timestamp '2025-11-22 12:38:30', timestamp '2026-01-01 02:57:45', timestamp '2025-12-12 14:25:58', timestamp '2025-08-23 14:19:21', timestamp '2025-03-03 01:22:58', timestamp '2025-12-23 14:54:00', timestamp '2026-01-11 11:20:50', timestamp '2025-09-05 14:21:32', timestamp '2025-09-27 14:12:31', timestamp '2025-08-01 03:48:11', timestamp '2025-08-06 11:31:41']);
INSERT INTO Propriedade (id_localizacao, nome, endereco, CPF_locador, tipo, numero_quartos, numero_banheiros, preco_noite, min_noites, max_noites, max_hospedes, taxa_limpeza, horario_entrada, horario_saida, datas_disponiveis) VALUES (4, 'Freitas - EI', 'Loteamento Lucas Monteiro, 50', '53182046942', 'quarto compartilhado', 4, 2, 52400, 3, 26, 5, 14800, '2026-01-05 12:23:30', '2026-06-28 01:35:55', ARRAY[timestamp '2025-02-26 01:01:23', timestamp '2025-11-17 06:01:06', timestamp '2025-09-16 03:46:33', timestamp '2025-03-25 05:51:57', timestamp '2025-07-23 01:01:30', timestamp '2025-04-05 13:36:27', timestamp '2025-11-17 01:27:16', timestamp '2025-06-27 03:12:46', timestamp '2025-12-21 22:13:06', timestamp '2025-02-23 21:09:26', timestamp '2025-11-15 03:08:51', timestamp '2025-07-05 08:48:50', timestamp '2026-01-18 13:14:33', timestamp '2025-08-10 20:55:35', timestamp '2025-03-11 06:18:03']);
INSERT INTO Propriedade (id_localizacao, nome, endereco, CPF_locador, tipo, numero_quartos, numero_banheiros, preco_noite, min_noites, max_noites, max_hospedes, taxa_limpeza, horario_entrada, horario_saida, datas_disponiveis) VALUES (5, 'da Mota S/A', 'Loteamento Jesus, 88', '46709213803', 'casa inteira', 2, 2, 98000, 2, 14, 3, 7700, '2025-05-26 15:51:42', '2026-05-02 20:02:04', ARRAY[timestamp '2025-03-17 01:32:55', timestamp '2025-08-27 02:10:35', timestamp '2025-08-22 01:47:56', timestamp '2025-08-13 04:34:23', timestamp '2025-09-07 08:49:32', timestamp '2025-05-16 00:05:19', timestamp '2025-07-18 10:39:17', timestamp '2025-07-05 02:34:50', timestamp '2025-05-02 13:42:05', timestamp '2025-07-30 20:39:04', timestamp '2025-04-14 00:54:59', timestamp '2025-02-26 02:04:34', timestamp '2025-02-10 02:43:23', timestamp '2025-05-21 09:00:25', timestamp '2025-07-24 10:26:59']);
INSERT INTO Propriedade (id_localizacao, nome, endereco, CPF_locador, tipo, numero_quartos, numero_banheiros, preco_noite, min_noites, max_noites, max_hospedes, taxa_limpeza, horario_entrada, horario_saida, datas_disponiveis) VALUES (6, 'Nunes', 'Avenida Vasconcelos, 3', '12609473869', 'quarto individual', 3, 1, 99300, 2, 13, 2, 17700, '2025-08-03 01:19:11', '2025-10-28 07:18:59', ARRAY[timestamp '2025-06-09 01:46:54', timestamp '2025-09-03 11:27:36', timestamp '2025-11-19 09:11:37', timestamp '2025-09-29 18:23:13', timestamp '2025-09-21 18:49:53', timestamp '2025-10-14 11:09:26', timestamp '2025-04-26 15:47:20', timestamp '2025-12-26 10:04:01', timestamp '2025-10-11 15:08:33', timestamp '2026-01-22 12:16:05', timestamp '2025-12-17 10:16:31', timestamp '2025-12-04 01:52:35', timestamp '2025-04-21 03:37:29', timestamp '2025-04-09 15:34:28', timestamp '2026-01-16 16:16:25']);
INSERT INTO Propriedade (id_localizacao, nome, endereco, CPF_locador, tipo, numero_quartos, numero_banheiros, preco_noite, min_noites, max_noites, max_hospedes, taxa_limpeza, horario_entrada, horario_saida, datas_disponiveis) VALUES (7, 'Lima e Filhos', 'Jardim Duarte, 36', '12609473869', 'quarto compartilhado', 4, 3, 6200, 4, 13, 4, 9600, '2025-03-22 08:47:35', '2025-08-30 05:46:55', ARRAY[timestamp '2025-10-28 05:01:18', timestamp '2025-12-05 05:00:01', timestamp '2025-08-26 15:17:09', timestamp '2025-10-10 13:14:20', timestamp '2026-01-23 16:50:02', timestamp '2025-10-19 22:01:27', timestamp '2025-07-14 17:48:41', timestamp '2025-07-16 22:10:54', timestamp '2025-05-01 04:47:29', timestamp '2025-06-10 16:46:20', timestamp '2025-03-19 00:13:55', timestamp '2025-05-16 00:49:21', timestamp '2025-05-28 06:57:11', timestamp '2025-12-23 21:40:57', timestamp '2025-08-04 01:00:54']);
INSERT INTO Propriedade (id_localizacao, nome, endereco, CPF_locador, tipo, numero_quartos, numero_banheiros, preco_noite, min_noites, max_noites, max_hospedes, taxa_limpeza, horario_entrada, horario_saida, datas_disponiveis) VALUES (8, 'Santos Mendonça - EI', 'Fazenda Anna Liz Barbosa, 3', '46709213803', 'quarto compartilhado', 5, 1, 68700, 5, 13, 1, 1200, '2025-04-21 18:53:01', '2025-06-01 08:28:25', ARRAY[timestamp '2025-02-28 22:14:13', timestamp '2025-12-18 11:47:46', timestamp '2025-05-17 10:31:41', timestamp '2025-03-23 04:07:06', timestamp '2025-03-16 14:07:34', timestamp '2025-04-04 10:40:10', timestamp '2025-08-21 01:42:56', timestamp '2025-12-01 14:28:28', timestamp '2025-08-30 17:53:46', timestamp '2025-11-19 14:58:37', timestamp '2026-01-23 07:46:38', timestamp '2026-01-18 08:53:25', timestamp '2025-06-16 06:41:29', timestamp '2025-11-10 17:32:30', timestamp '2025-08-02 01:51:06']);
INSERT INTO Propriedade (id_localizacao, nome, endereco, CPF_locador, tipo, numero_quartos, numero_banheiros, preco_noite, min_noites, max_noites, max_hospedes, taxa_limpeza, horario_entrada, horario_saida, datas_disponiveis) VALUES (9, 'Vargas da Rosa S.A.', 'Esplanada Silva, 4', '12609473869', 'quarto compartilhado', 5, 2, 75200, 4, 17, 10, 1800, '2025-03-13 15:58:32', '2025-07-11 23:07:48', ARRAY[timestamp '2025-11-27 20:06:50', timestamp '2025-07-15 00:45:56', timestamp '2026-01-05 14:12:52', timestamp '2025-05-24 22:26:59', timestamp '2025-08-13 00:53:14', timestamp '2025-06-15 20:01:28', timestamp '2025-12-19 14:45:33', timestamp '2026-01-25 10:16:20', timestamp '2025-09-10 14:44:48', timestamp '2025-06-13 14:49:44', timestamp '2025-02-27 15:38:02', timestamp '2025-02-24 13:34:11', timestamp '2025-02-25 14:35:42', timestamp '2025-06-09 12:03:36', timestamp '2025-08-09 03:01:18']);
INSERT INTO Propriedade (id_localizacao, nome, endereco, CPF_locador, tipo, numero_quartos, numero_banheiros, preco_noite, min_noites, max_noites, max_hospedes, taxa_limpeza, horario_entrada, horario_saida, datas_disponiveis) VALUES (10, 'Camargo da Rocha - ME', 'Parque da Cunha, 24', '46709213803', 'quarto individual', 4, 3, 20300, 2, 19, 7, 12200, '2025-11-13 02:02:51', '2026-02-17 22:32:57', ARRAY[timestamp '2025-09-01 22:51:38', timestamp '2025-08-15 22:24:25', timestamp '2026-01-11 01:15:10', timestamp '2025-03-12 14:03:34', timestamp '2025-12-07 17:16:40', timestamp '2025-09-13 01:43:39', timestamp '2025-03-17 08:57:43', timestamp '2025-03-09 22:06:55', timestamp '2025-08-04 01:47:13', timestamp '2025-09-08 14:33:11', timestamp '2025-10-25 21:05:08', timestamp '2025-03-05 07:00:18', timestamp '2025-11-18 00:42:25', timestamp '2025-10-16 05:26:54', timestamp '2025-05-06 07:56:02']);
INSERT INTO Propriedade (id_localizacao, nome, endereco, CPF_locador, tipo, numero_quartos, numero_banheiros, preco_noite, min_noites, max_noites, max_hospedes, taxa_limpeza, horario_entrada, horario_saida, datas_disponiveis) VALUES (11, 'Novais', 'Viela de Silveira, 45', '12609473869', 'quarto compartilhado', 5, 3, 17900, 3, 28, 8, 15800, '2025-07-30 03:39:04', '2026-03-03 04:34:56', ARRAY[timestamp '2025-09-17 05:14:43', timestamp '2025-10-22 10:52:11', timestamp '2025-03-30 15:16:08', timestamp '2025-09-02 21:26:25', timestamp '2025-03-13 02:28:26', timestamp '2025-07-14 06:52:20', timestamp '2025-03-17 17:53:13', timestamp '2026-01-06 08:54:48', timestamp '2025-07-13 21:36:15', timestamp '2025-09-29 03:11:03', timestamp '2025-09-04 20:56:50', timestamp '2025-02-06 22:28:08', timestamp '2025-07-22 16:00:55', timestamp '2025-08-14 16:31:40', timestamp '2025-09-30 14:14:39']);
INSERT INTO Propriedade (id_localizacao, nome, endereco, CPF_locador, tipo, numero_quartos, numero_banheiros, preco_noite, min_noites, max_noites, max_hospedes, taxa_limpeza, horario_entrada, horario_saida, datas_disponiveis) VALUES (12, 'Campos', 'Rua Ana Vitória Carvalho, 75', '12609473869', 'quarto compartilhado', 4, 3, 20800, 5, 21, 3, 5700, '2025-08-17 06:55:51', '2025-08-28 22:33:32', ARRAY[timestamp '2025-12-12 04:18:51', timestamp '2026-01-04 06:10:49', timestamp '2025-06-06 13:12:42', timestamp '2025-06-05 01:17:51', timestamp '2025-04-28 09:52:50', timestamp '2025-04-06 09:48:45', timestamp '2026-01-26 02:06:11', timestamp '2025-08-12 17:58:30', timestamp '2025-06-07 06:39:46', timestamp '2025-08-10 05:37:19', timestamp '2025-10-20 19:07:48', timestamp '2025-10-29 19:49:34', timestamp '2026-01-30 10:37:08', timestamp '2025-03-05 03:34:27', timestamp '2025-05-25 09:00:14']);
INSERT INTO Propriedade (id_localizacao, nome, endereco, CPF_locador, tipo, numero_quartos, numero_banheiros, preco_noite, min_noites, max_noites, max_hospedes, taxa_limpeza, horario_entrada, horario_saida, datas_disponiveis) VALUES (13, 'Rocha S/A', 'Quadra de da Conceição, 9', '53182046942', 'quarto compartilhado', 1, 2, 55400, 5, 15, 1, 4800, '2025-08-28 10:29:45', '2025-12-23 09:06:03', ARRAY[timestamp '2025-10-19 14:26:32', timestamp '2025-05-03 22:53:09', timestamp '2025-11-16 07:22:48', timestamp '2025-05-22 08:32:02', timestamp '2026-01-18 13:11:07', timestamp '2025-02-05 18:26:10', timestamp '2025-08-10 11:15:32', timestamp '2025-07-02 17:51:40', timestamp '2025-04-21 01:00:03', timestamp '2025-08-04 04:18:10', timestamp '2025-11-24 14:00:54', timestamp '2025-10-02 16:48:15', timestamp '2025-04-16 01:41:31', timestamp '2025-08-23 01:25:52', timestamp '2026-01-25 18:41:25']);
INSERT INTO Propriedade (id_localizacao, nome, endereco, CPF_locador, tipo, numero_quartos, numero_banheiros, preco_noite, min_noites, max_noites, max_hospedes, taxa_limpeza, horario_entrada, horario_saida, datas_disponiveis) VALUES (14, 'Souza', 'Favela Olivia Porto, 842', '46709213803', 'quarto compartilhado', 5, 2, 29900, 4, 17, 5, 14200, '2025-04-30 08:30:26', '2026-01-09 00:10:28', ARRAY[timestamp '2025-04-27 14:26:55', timestamp '2025-02-21 09:34:26', timestamp '2025-04-05 10:15:53', timestamp '2025-02-04 16:40:31', timestamp '2025-09-20 03:43:02', timestamp '2025-10-21 11:46:23', timestamp '2025-09-18 14:46:56', timestamp '2025-02-27 00:45:00', timestamp '2025-08-23 19:35:02', timestamp '2025-08-04 06:52:28', timestamp '2026-01-20 11:32:05', timestamp '2025-03-24 13:58:24', timestamp '2025-11-02 01:44:02', timestamp '2026-01-26 06:52:27', timestamp '2025-02-11 02:14:37']);
INSERT INTO Propriedade (id_localizacao, nome, endereco, CPF_locador, tipo, numero_quartos, numero_banheiros, preco_noite, min_noites, max_noites, max_hospedes, taxa_limpeza, horario_entrada, horario_saida, datas_disponiveis) VALUES (15, 'Jesus S.A.', 'Vila Melo, 75', '12609473869', 'quarto individual', 2, 2, 73400, 5, 19, 5, 14700, '2025-02-26 03:00:18', '2025-07-31 07:39:37', ARRAY[timestamp '2025-05-03 07:27:31', timestamp '2025-11-04 17:55:00', timestamp '2025-10-19 22:23:04', timestamp '2026-01-05 15:11:56', timestamp '2025-11-26 05:33:48', timestamp '2025-06-08 02:12:12', timestamp '2025-12-13 01:26:25', timestamp '2025-03-29 18:19:47', timestamp '2025-03-17 13:41:48', timestamp '2025-10-29 00:09:25', timestamp '2025-09-16 21:34:54', timestamp '2025-07-25 03:08:18', timestamp '2025-06-21 19:23:44', timestamp '2026-01-06 21:19:15', timestamp '2025-06-25 12:50:21']);
INSERT INTO Quarto (id_propriedade, numero_camas, tipo_cama, banheiro_privativo) VALUES (1, 3, 'Queen', False);
INSERT INTO Quarto (id_propriedade, numero_camas, tipo_cama, banheiro_privativo) VALUES (2, 4, 'Casal', True);
INSERT INTO Quarto (id_propriedade, numero_camas, tipo_cama, banheiro_privativo) VALUES (3, 3, 'Queen', True);
INSERT INTO Quarto (id_propriedade, numero_camas, tipo_cama, banheiro_privativo) VALUES (4, 2, 'Casal', False);
INSERT INTO Quarto (id_propriedade, numero_camas, tipo_cama, banheiro_privativo) VALUES (5, 4, 'Queen', True);
INSERT INTO Quarto (id_propriedade, numero_camas, tipo_cama, banheiro_privativo) VALUES (6, 4, 'Casal', True);
INSERT INTO Quarto (id_propriedade, numero_camas, tipo_cama, banheiro_privativo) VALUES (7, 4, 'Queen', False);
INSERT INTO Quarto (id_propriedade, numero_camas, tipo_cama, banheiro_privativo) VALUES (8, 1, 'Queen', True);
INSERT INTO Quarto (id_propriedade, numero_camas, tipo_cama, banheiro_privativo) VALUES (9, 4, 'Solteiro', False);
INSERT INTO Quarto (id_propriedade, numero_camas, tipo_cama, banheiro_privativo) VALUES (10, 4, 'Solteiro', True);
INSERT INTO Quarto (id_propriedade, numero_camas, tipo_cama, banheiro_privativo) VALUES (11, 2, 'Solteiro', False);
INSERT INTO Quarto (id_propriedade, numero_camas, tipo_cama, banheiro_privativo) VALUES (12, 1, 'King', True);
INSERT INTO Quarto (id_propriedade, numero_camas, tipo_cama, banheiro_privativo) VALUES (13, 1, 'Solteiro', True);
INSERT INTO Quarto (id_propriedade, numero_camas, tipo_cama, banheiro_privativo) VALUES (14, 3, 'King', True);
INSERT INTO Quarto (id_propriedade, numero_camas, tipo_cama, banheiro_privativo) VALUES (15, 2, 'Queen', False);
INSERT INTO Mensagem (CPF_remetente, CPF_destinatario, texto) VALUES ('36957182428', '46709213803', 'Officiis facere et explicabo eveniet consectetur. Qui adipisci modi.
Qui expedita rerum quae ullam. Quibusdam minima in sint eius. Nostrum amet vel ad.');
INSERT INTO Mensagem (CPF_remetente, CPF_destinatario, texto) VALUES ('36957182428', '46709213803', 'Dignissimos commodi illo officiis nobis. Nostrum nihil quisquam eveniet similique. Rem expedita recusandae architecto voluptatem magni rerum. Quaerat ab dolorum omnis labore aliquid.');
INSERT INTO Mensagem (CPF_remetente, CPF_destinatario, texto) VALUES ('36957182428', '46709213803', 'Asperiores aperiam corporis ipsum.');
INSERT INTO Mensagem (CPF_remetente, CPF_destinatario, texto) VALUES ('36957182428', '46709213803', 'Optio beatae pariatur corporis tempora. Tempora magni animi cum architecto.');
INSERT INTO Mensagem (CPF_remetente, CPF_destinatario, texto) VALUES ('36957182428', '46709213803', 'Illum quibusdam eius quisquam soluta consectetur. Aspernatur eius ipsa quae at. Quasi ex dolores cupiditate.');
INSERT INTO Mensagem (CPF_remetente, CPF_destinatario, texto) VALUES ('36957182428', '46709213803', 'Est id architecto delectus sapiente commodi. Recusandae nulla velit ipsum ducimus assumenda numquam sequi.
Dicta enim itaque dolores in atque. Ipsum omnis tempore fugit deserunt ipsam.');
INSERT INTO Mensagem (CPF_remetente, CPF_destinatario, texto) VALUES ('36957182428', '46709213803', 'Magnam commodi fugiat enim delectus beatae incidunt. Doloremque consectetur totam eveniet suscipit nostrum adipisci.');
INSERT INTO Mensagem (CPF_remetente, CPF_destinatario, texto) VALUES ('36957182428', '46709213803', 'Voluptatem tempora minima dolores dolor ratione. Velit recusandae dolorem temporibus non optio earum. Repellat eaque natus accusamus.');
INSERT INTO Mensagem (CPF_remetente, CPF_destinatario, texto) VALUES ('36957182428', '46709213803', 'Odit enim ullam at facere. Aut reiciendis at hic. Eos vitae voluptatibus amet dolorum corporis.');
INSERT INTO Mensagem (CPF_remetente, CPF_destinatario, texto) VALUES ('36957182428', '46709213803', 'Officiis minima delectus quo nulla quam natus. Sunt officiis earum aspernatur reprehenderit quia numquam. Adipisci magnam beatae dolor.
Sequi quia recusandae qui earum at.');
INSERT INTO Mensagem (CPF_remetente, CPF_destinatario, texto) VALUES ('36957182428', '46709213803', 'Aliquam fugit libero voluptates nam aperiam sit.
Nisi tempora quos doloremque. Fugiat reiciendis reprehenderit iure cum.');
INSERT INTO Mensagem (CPF_remetente, CPF_destinatario, texto) VALUES ('36957182428', '46709213803', 'Porro officiis necessitatibus aliquam amet soluta. Voluptatibus dicta architecto vel mollitia earum. Quo iusto ex.');
INSERT INTO Mensagem (CPF_remetente, CPF_destinatario, texto) VALUES ('36957182428', '46709213803', 'Adipisci suscipit iusto rem. Doloribus quae velit excepturi aut.
Sapiente ipsa corporis officia rerum impedit. Ducimus ut a.');
INSERT INTO Mensagem (CPF_remetente, CPF_destinatario, texto) VALUES ('36957182428', '46709213803', 'Quasi est similique placeat non voluptas modi atque. Saepe omnis error expedita. Alias nobis voluptatibus et.');
INSERT INTO Mensagem (CPF_remetente, CPF_destinatario, texto) VALUES ('36957182428', '46709213803', 'Corporis voluptatem dolor exercitationem omnis sapiente.');
INSERT INTO Avaliacao (id_mensagem, id_propriedade, classificacao_limpeza, classificacao_estrutura, nota_comunicacao, nota_localizacao, nota_valor) VALUES (1, 1, 4, 5, 8, 10, 1);
INSERT INTO Avaliacao (id_mensagem, id_propriedade, classificacao_limpeza, classificacao_estrutura, nota_comunicacao, nota_localizacao, nota_valor) VALUES (2, 2, 1, 4, 10, 7, 10);
INSERT INTO Avaliacao (id_mensagem, id_propriedade, classificacao_limpeza, classificacao_estrutura, nota_comunicacao, nota_localizacao, nota_valor) VALUES (3, 3, 5, 5, 7, 0, 9);
INSERT INTO Avaliacao (id_mensagem, id_propriedade, classificacao_limpeza, classificacao_estrutura, nota_comunicacao, nota_localizacao, nota_valor) VALUES (4, 4, 2, 3, 9, 0, 0);
INSERT INTO Avaliacao (id_mensagem, id_propriedade, classificacao_limpeza, classificacao_estrutura, nota_comunicacao, nota_localizacao, nota_valor) VALUES (5, 5, 0, 1, 5, 0, 0);
INSERT INTO Avaliacao (id_mensagem, id_propriedade, classificacao_limpeza, classificacao_estrutura, nota_comunicacao, nota_localizacao, nota_valor) VALUES (6, 6, 2, 0, 0, 9, 3);
INSERT INTO Avaliacao (id_mensagem, id_propriedade, classificacao_limpeza, classificacao_estrutura, nota_comunicacao, nota_localizacao, nota_valor) VALUES (7, 7, 0, 2, 7, 8, 9);
INSERT INTO Avaliacao (id_mensagem, id_propriedade, classificacao_limpeza, classificacao_estrutura, nota_comunicacao, nota_localizacao, nota_valor) VALUES (8, 8, 4, 1, 6, 3, 5);
INSERT INTO Avaliacao (id_mensagem, id_propriedade, classificacao_limpeza, classificacao_estrutura, nota_comunicacao, nota_localizacao, nota_valor) VALUES (9, 9, 0, 5, 7, 4, 3);
INSERT INTO Avaliacao (id_mensagem, id_propriedade, classificacao_limpeza, classificacao_estrutura, nota_comunicacao, nota_localizacao, nota_valor) VALUES (10, 10, 3, 3, 4, 4, 0);
INSERT INTO Avaliacao (id_mensagem, id_propriedade, classificacao_limpeza, classificacao_estrutura, nota_comunicacao, nota_localizacao, nota_valor) VALUES (11, 11, 4, 1, 8, 6, 7);
INSERT INTO Avaliacao (id_mensagem, id_propriedade, classificacao_limpeza, classificacao_estrutura, nota_comunicacao, nota_localizacao, nota_valor) VALUES (12, 12, 5, 2, 0, 1, 10);
INSERT INTO Avaliacao (id_mensagem, id_propriedade, classificacao_limpeza, classificacao_estrutura, nota_comunicacao, nota_localizacao, nota_valor) VALUES (13, 13, 0, 5, 4, 7, 6);
INSERT INTO Avaliacao (id_mensagem, id_propriedade, classificacao_limpeza, classificacao_estrutura, nota_comunicacao, nota_localizacao, nota_valor) VALUES (14, 14, 4, 5, 5, 8, 10);
INSERT INTO Avaliacao (id_mensagem, id_propriedade, classificacao_limpeza, classificacao_estrutura, nota_comunicacao, nota_localizacao, nota_valor) VALUES (15, 15, 5, 3, 8, 2, 7);
INSERT INTO Reserva (CPF_locatario, CPF_locador, id_propriedade, data_reserva, data_checkin, data_checkout, numero_hospedes, imposto, preco_total_estadia, preco_total_imposto_limpeza, status) VALUES ('36957182428', '46709213803', 1, '2025-08-09 01:31:15', '2026-03-25 18:42:12', '2026-09-02 02:38:49', 1, 47400, 453500, 31500, False);
INSERT INTO Reserva (CPF_locatario, CPF_locador, id_propriedade, data_reserva, data_checkin, data_checkout, numero_hospedes, imposto, preco_total_estadia, preco_total_imposto_limpeza, status) VALUES ('46709213803', '84063729583', 3, '2025-04-26 06:49:03', '2025-08-18 12:12:23', '2026-01-12 01:43:32', 4, 9500, 119400, 20500, False);
INSERT INTO Reserva (CPF_locatario, CPF_locador, id_propriedade, data_reserva, data_checkin, data_checkout, numero_hospedes, imposto, preco_total_estadia, preco_total_imposto_limpeza, status) VALUES ('84063729583', '53182046942', 4, '2025-05-14 15:09:57', '2025-09-15 02:27:45', '2026-02-23 06:01:38', 4, 8300, 464400, 23200, True);
INSERT INTO Reserva (CPF_locatario, CPF_locador, id_propriedade, data_reserva, data_checkin, data_checkout, numero_hospedes, imposto, preco_total_estadia, preco_total_imposto_limpeza, status) VALUES ('53182046942', '63950148205', 4, '2025-12-01 05:33:15', '2026-07-05 05:28:44', '2026-11-28 12:28:17', 5, 36300, 259100, 24700, True);
INSERT INTO Reserva (CPF_locatario, CPF_locador, id_propriedade, data_reserva, data_checkin, data_checkout, numero_hospedes, imposto, preco_total_estadia, preco_total_imposto_limpeza, status) VALUES ('63950148205', '06751823959', 4, '2025-07-24 05:29:35', '2026-07-14 09:30:59', '2026-12-26 11:47:36', 4, 37100, 310500, 50900, True);
INSERT INTO Reserva (CPF_locatario, CPF_locador, id_propriedade, data_reserva, data_checkin, data_checkout, numero_hospedes, imposto, preco_total_estadia, preco_total_imposto_limpeza, status) VALUES ('06751823959', '30126597499', 7, '2025-09-30 15:58:14', '2026-07-04 04:54:31', '2026-12-18 21:05:50', 1, 30400, 142400, 6000, True);
INSERT INTO Reserva (CPF_locatario, CPF_locador, id_propriedade, data_reserva, data_checkin, data_checkout, numero_hospedes, imposto, preco_total_estadia, preco_total_imposto_limpeza, status) VALUES ('30126597499', '12609473869', 3, '2025-11-25 01:04:59', '2025-12-26 10:54:26', '2026-12-20 05:50:08', 1, 9300, 28700, 23900, True);
INSERT INTO Reserva (CPF_locatario, CPF_locador, id_propriedade, data_reserva, data_checkin, data_checkout, numero_hospedes, imposto, preco_total_estadia, preco_total_imposto_limpeza, status) VALUES ('12609473869', '38629175095', 1, '2025-03-05 20:23:00', '2025-07-20 22:22:44', '2025-09-04 10:08:41', 3, 20700, 397100, 40500, False);
INSERT INTO Reserva (CPF_locatario, CPF_locador, id_propriedade, data_reserva, data_checkin, data_checkout, numero_hospedes, imposto, preco_total_estadia, preco_total_imposto_limpeza, status) VALUES ('38629175095', '26058497329', 4, '2025-11-30 18:44:38', '2026-05-24 03:25:50', '2026-11-28 10:47:41', 3, 6500, 77600, 46400, False);
INSERT INTO Reserva (CPF_locatario, CPF_locador, id_propriedade, data_reserva, data_checkin, data_checkout, numero_hospedes, imposto, preco_total_estadia, preco_total_imposto_limpeza, status) VALUES ('26058497329', '67398542119', 3, '2025-10-03 00:00:29', '2026-05-17 16:38:24', '2026-08-18 11:58:23', 3, 17500, 242400, 79400, True);
INSERT INTO Reserva (CPF_locatario, CPF_locador, id_propriedade, data_reserva, data_checkin, data_checkout, numero_hospedes, imposto, preco_total_estadia, preco_total_imposto_limpeza, status) VALUES ('67398542119', '70834195232', 3, '2025-07-15 22:17:26', '2026-03-29 12:48:15', '2026-10-24 20:03:43', 2, 30500, 34100, 58300, False);
INSERT INTO Reserva (CPF_locatario, CPF_locador, id_propriedade, data_reserva, data_checkin, data_checkout, numero_hospedes, imposto, preco_total_estadia, preco_total_imposto_limpeza, status) VALUES ('70834195232', '72598403150', 2, '2025-12-05 16:05:23', '2026-09-24 07:48:52', '2027-04-09 19:00:54', 4, 38700, 65000, 66100, False);
INSERT INTO Reserva (CPF_locatario, CPF_locador, id_propriedade, data_reserva, data_checkin, data_checkout, numero_hospedes, imposto, preco_total_estadia, preco_total_imposto_limpeza, status) VALUES ('72598403150', '79063182503', 1, '2025-07-01 13:51:40', '2025-09-20 05:48:49', '2026-03-04 18:16:57', 3, 1100, 408600, 98200, True);
INSERT INTO Reserva (CPF_locatario, CPF_locador, id_propriedade, data_reserva, data_checkin, data_checkout, numero_hospedes, imposto, preco_total_estadia, preco_total_imposto_limpeza, status) VALUES ('79063182503', '85263174900', 1, '2025-07-20 15:05:59', '2025-09-30 18:18:53', '2025-11-28 02:38:01', 5, 24100, 319100, 12700, True);
INSERT INTO Reserva (CPF_locatario, CPF_locador, id_propriedade, data_reserva, data_checkin, data_checkout, numero_hospedes, imposto, preco_total_estadia, preco_total_imposto_limpeza, status) VALUES ('85263174900', '36957182428', 5, '2025-07-26 18:55:07', '2025-11-13 16:38:04', '2026-07-26 22:42:46', 1, 17700, 57600, 35200, False);
INSERT INTO Reserva (CPF_locatario, CPF_locador, id_propriedade, data_reserva, data_checkin, data_checkout, numero_hospedes, imposto, preco_total_estadia, preco_total_imposto_limpeza, status) VALUES ('36957182428', '46709213803', 3, '2025-12-29 03:31:43', '2026-01-14 19:10:54', '2026-11-20 17:35:29', 2, 32100, 97600, 8200, False);
INSERT INTO Reserva (CPF_locatario, CPF_locador, id_propriedade, data_reserva, data_checkin, data_checkout, numero_hospedes, imposto, preco_total_estadia, preco_total_imposto_limpeza, status) VALUES ('46709213803', '84063729583', 1, '2025-04-19 12:18:47', '2025-11-15 09:41:56', '2026-03-25 22:54:03', 5, 37700, 68900, 56200, True);
INSERT INTO Reserva (CPF_locatario, CPF_locador, id_propriedade, data_reserva, data_checkin, data_checkout, numero_hospedes, imposto, preco_total_estadia, preco_total_imposto_limpeza, status) VALUES ('84063729583', '53182046942', 5, '2026-01-01 18:39:44', '2026-07-09 05:03:10', '2026-07-30 08:08:44', 5, 47200, 263400, 39600, False);
INSERT INTO Reserva (CPF_locatario, CPF_locador, id_propriedade, data_reserva, data_checkin, data_checkout, numero_hospedes, imposto, preco_total_estadia, preco_total_imposto_limpeza, status) VALUES ('53182046942', '63950148205', 4, '2025-04-05 21:12:50', '2026-03-05 15:03:43', '2026-12-16 18:55:14', 3, 42200, 319200, 47700, True);
INSERT INTO Reserva (CPF_locatario, CPF_locador, id_propriedade, data_reserva, data_checkin, data_checkout, numero_hospedes, imposto, preco_total_estadia, preco_total_imposto_limpeza, status) VALUES ('63950148205', '06751823959', 2, '2025-11-27 22:28:27', '2025-12-09 22:49:19', '2025-12-13 14:59:02', 5, 12200, 72100, 41800, True);
INSERT INTO Reserva (CPF_locatario, CPF_locador, id_propriedade, data_reserva, data_checkin, data_checkout, numero_hospedes, imposto, preco_total_estadia, preco_total_imposto_limpeza, status) VALUES ('06751823959', '30126597499', 2, '2025-03-02 05:28:33', '2026-01-11 13:22:32', '2026-01-29 02:19:20', 4, 26300, 112500, 39400, False);
INSERT INTO Reserva (CPF_locatario, CPF_locador, id_propriedade, data_reserva, data_checkin, data_checkout, numero_hospedes, imposto, preco_total_estadia, preco_total_imposto_limpeza, status) VALUES ('30126597499', '12609473869', 1, '2025-08-05 17:08:15', '2025-10-20 07:54:39', '2026-09-15 11:46:34', 5, 44600, 443500, 25800, False);
INSERT INTO Reserva (CPF_locatario, CPF_locador, id_propriedade, data_reserva, data_checkin, data_checkout, numero_hospedes, imposto, preco_total_estadia, preco_total_imposto_limpeza, status) VALUES ('12609473869', '38629175095', 7, '2025-03-27 12:22:32', '2025-06-29 06:29:12', '2025-09-08 00:08:58', 5, 23800, 49300, 6800, False);
INSERT INTO Reserva (CPF_locatario, CPF_locador, id_propriedade, data_reserva, data_checkin, data_checkout, numero_hospedes, imposto, preco_total_estadia, preco_total_imposto_limpeza, status) VALUES ('38629175095', '26058497329', 6, '2025-06-09 15:10:16', '2026-03-03 11:17:21', '2026-05-06 05:44:59', 2, 45300, 108900, 97800, True);
INSERT INTO Reserva (CPF_locatario, CPF_locador, id_propriedade, data_reserva, data_checkin, data_checkout, numero_hospedes, imposto, preco_total_estadia, preco_total_imposto_limpeza, status) VALUES ('26058497329', '67398542119', 2, '2025-11-04 11:26:18', '2025-11-29 15:56:49', '2026-09-01 09:09:02', 1, 23100, 196600, 51800, False);
INSERT INTO Reserva (CPF_locatario, CPF_locador, id_propriedade, data_reserva, data_checkin, data_checkout, numero_hospedes, imposto, preco_total_estadia, preco_total_imposto_limpeza, status) VALUES ('67398542119', '70834195232', 7, '2025-08-01 18:04:42', '2025-08-29 01:11:52', '2026-05-18 09:28:14', 4, 33200, 124000, 64800, False);
INSERT INTO Reserva (CPF_locatario, CPF_locador, id_propriedade, data_reserva, data_checkin, data_checkout, numero_hospedes, imposto, preco_total_estadia, preco_total_imposto_limpeza, status) VALUES ('70834195232', '72598403150', 2, '2025-06-10 04:32:33', '2025-08-10 14:32:21', '2026-07-09 08:29:02', 3, 42900, 224500, 59000, True);
INSERT INTO Reserva (CPF_locatario, CPF_locador, id_propriedade, data_reserva, data_checkin, data_checkout, numero_hospedes, imposto, preco_total_estadia, preco_total_imposto_limpeza, status) VALUES ('72598403150', '79063182503', 4, '2025-07-27 17:35:12', '2026-06-15 10:34:08', '2026-09-27 03:41:49', 3, 7500, 343700, 11800, True);
INSERT INTO Reserva (CPF_locatario, CPF_locador, id_propriedade, data_reserva, data_checkin, data_checkout, numero_hospedes, imposto, preco_total_estadia, preco_total_imposto_limpeza, status) VALUES ('79063182503', '85263174900', 7, '2025-12-06 20:35:01', '2025-12-26 21:56:45', '2026-05-07 07:41:55', 5, 25700, 273100, 9600, True);
INSERT INTO Reserva (CPF_locatario, CPF_locador, id_propriedade, data_reserva, data_checkin, data_checkout, numero_hospedes, imposto, preco_total_estadia, preco_total_imposto_limpeza, status) VALUES ('85263174900', '36957182428', 6, '2025-11-16 01:18:29', '2026-06-09 06:21:43', '2026-12-15 05:35:59', 3, 32300, 401400, 21300, False);
INSERT INTO Reserva (CPF_locatario, CPF_locador, id_propriedade, data_reserva, data_checkin, data_checkout, numero_hospedes, imposto, preco_total_estadia, preco_total_imposto_limpeza, status) VALUES ('36957182428', '46709213803', 7, '2025-08-27 19:03:20', '2026-01-23 13:40:44', '2026-07-09 16:57:45', 3, 16600, 117300, 46000, True);
INSERT INTO Reserva (CPF_locatario, CPF_locador, id_propriedade, data_reserva, data_checkin, data_checkout, numero_hospedes, imposto, preco_total_estadia, preco_total_imposto_limpeza, status) VALUES ('46709213803', '84063729583', 3, '2025-07-22 21:13:33', '2026-07-19 16:53:36', '2026-09-08 04:33:56', 4, 31000, 417100, 50200, False);
INSERT INTO Reserva (CPF_locatario, CPF_locador, id_propriedade, data_reserva, data_checkin, data_checkout, numero_hospedes, imposto, preco_total_estadia, preco_total_imposto_limpeza, status) VALUES ('84063729583', '53182046942', 4, '2025-06-10 21:12:22', '2025-12-20 07:38:39', '2026-07-28 08:49:41', 3, 30300, 101700, 99500, True);
INSERT INTO Reserva (CPF_locatario, CPF_locador, id_propriedade, data_reserva, data_checkin, data_checkout, numero_hospedes, imposto, preco_total_estadia, preco_total_imposto_limpeza, status) VALUES ('53182046942', '63950148205', 1, '2025-04-02 13:57:54', '2025-06-07 20:26:22', '2026-01-21 20:26:01', 3, 39100, 60300, 96200, True);
INSERT INTO Reserva (CPF_locatario, CPF_locador, id_propriedade, data_reserva, data_checkin, data_checkout, numero_hospedes, imposto, preco_total_estadia, preco_total_imposto_limpeza, status) VALUES ('63950148205', '06751823959', 3, '2025-03-20 09:09:59', '2026-02-06 00:56:13', '2026-04-06 16:35:29', 1, 8400, 20700, 20600, True);
INSERT INTO Reserva (CPF_locatario, CPF_locador, id_propriedade, data_reserva, data_checkin, data_checkout, numero_hospedes, imposto, preco_total_estadia, preco_total_imposto_limpeza, status) VALUES ('06751823959', '30126597499', 3, '2025-05-24 10:50:07', '2026-01-01 13:49:42', '2026-10-01 16:55:59', 2, 3100, 381500, 50500, True);
INSERT INTO Reserva (CPF_locatario, CPF_locador, id_propriedade, data_reserva, data_checkin, data_checkout, numero_hospedes, imposto, preco_total_estadia, preco_total_imposto_limpeza, status) VALUES ('30126597499', '12609473869', 7, '2025-11-12 21:54:15', '2026-03-16 01:44:36', '2026-05-13 18:01:51', 3, 43900, 314500, 12100, True);
INSERT INTO Reserva (CPF_locatario, CPF_locador, id_propriedade, data_reserva, data_checkin, data_checkout, numero_hospedes, imposto, preco_total_estadia, preco_total_imposto_limpeza, status) VALUES ('12609473869', '38629175095', 3, '2025-10-09 03:36:48', '2025-12-25 14:04:22', '2026-07-21 08:13:58', 2, 43900, 64100, 10200, False);
INSERT INTO Reserva (CPF_locatario, CPF_locador, id_propriedade, data_reserva, data_checkin, data_checkout, numero_hospedes, imposto, preco_total_estadia, preco_total_imposto_limpeza, status) VALUES ('38629175095', '26058497329', 3, '2025-08-02 04:55:49', '2026-01-11 23:09:36', '2026-08-21 06:42:26', 3, 20600, 253500, 65800, True);
INSERT INTO Reserva (CPF_locatario, CPF_locador, id_propriedade, data_reserva, data_checkin, data_checkout, numero_hospedes, imposto, preco_total_estadia, preco_total_imposto_limpeza, status) VALUES ('26058497329', '67398542119', 6, '2025-05-06 17:37:09', '2026-02-08 20:50:16', '2026-10-23 05:04:36', 2, 34000, 70600, 49800, True);
INSERT INTO Reserva (CPF_locatario, CPF_locador, id_propriedade, data_reserva, data_checkin, data_checkout, numero_hospedes, imposto, preco_total_estadia, preco_total_imposto_limpeza, status) VALUES ('67398542119', '70834195232', 6, '2025-08-22 14:24:29', '2025-09-25 18:21:40', '2025-11-24 00:11:50', 1, 12300, 267600, 11800, False);
INSERT INTO Reserva (CPF_locatario, CPF_locador, id_propriedade, data_reserva, data_checkin, data_checkout, numero_hospedes, imposto, preco_total_estadia, preco_total_imposto_limpeza, status) VALUES ('70834195232', '72598403150', 7, '2025-05-27 18:14:21', '2026-05-04 05:00:37', '2027-01-18 04:27:59', 1, 13300, 381200, 11500, True);
INSERT INTO Reserva (CPF_locatario, CPF_locador, id_propriedade, data_reserva, data_checkin, data_checkout, numero_hospedes, imposto, preco_total_estadia, preco_total_imposto_limpeza, status) VALUES ('72598403150', '79063182503', 5, '2025-08-19 04:35:22', '2026-03-25 00:31:24', '2027-02-24 00:42:06', 5, 15600, 149400, 53300, True);
INSERT INTO Reserva (CPF_locatario, CPF_locador, id_propriedade, data_reserva, data_checkin, data_checkout, numero_hospedes, imposto, preco_total_estadia, preco_total_imposto_limpeza, status) VALUES ('79063182503', '85263174900', 7, '2025-06-02 14:20:54', '2026-03-17 21:58:32', '2027-03-12 22:57:14', 5, 7300, 141900, 21000, True);
INSERT INTO Reserva (CPF_locatario, CPF_locador, id_propriedade, data_reserva, data_checkin, data_checkout, numero_hospedes, imposto, preco_total_estadia, preco_total_imposto_limpeza, status) VALUES ('85263174900', '36957182428', 6, '2025-10-16 01:35:06', '2026-03-31 00:09:30', '2026-08-05 11:57:23', 1, 39500, 352200, 28900, True);
INSERT INTO Reserva (CPF_locatario, CPF_locador, id_propriedade, data_reserva, data_checkin, data_checkout, numero_hospedes, imposto, preco_total_estadia, preco_total_imposto_limpeza, status) VALUES ('36957182428', '46709213803', 1, '2025-05-02 13:40:25', '2026-01-29 17:16:45', '2027-01-05 06:26:09', 2, 8900, 59000, 43200, False);
INSERT INTO Reserva (CPF_locatario, CPF_locador, id_propriedade, data_reserva, data_checkin, data_checkout, numero_hospedes, imposto, preco_total_estadia, preco_total_imposto_limpeza, status) VALUES ('46709213803', '84063729583', 6, '2025-09-24 02:45:21', '2025-10-30 11:33:02', '2026-07-15 08:04:42', 1, 4900, 290900, 57400, False);
INSERT INTO Reserva (CPF_locatario, CPF_locador, id_propriedade, data_reserva, data_checkin, data_checkout, numero_hospedes, imposto, preco_total_estadia, preco_total_imposto_limpeza, status) VALUES ('84063729583', '53182046942', 4, '2025-05-29 03:22:26', '2026-01-06 14:25:33', '2026-06-24 01:28:04', 4, 19300, 221000, 51200, True);
INSERT INTO Reserva (CPF_locatario, CPF_locador, id_propriedade, data_reserva, data_checkin, data_checkout, numero_hospedes, imposto, preco_total_estadia, preco_total_imposto_limpeza, status) VALUES ('53182046942', '63950148205', 7, '2025-11-29 16:10:49', '2026-03-28 00:31:02', '2026-10-09 09:46:19', 5, 2100, 285700, 8200, False);
INSERT INTO Reserva (CPF_locatario, CPF_locador, id_propriedade, data_reserva, data_checkin, data_checkout, numero_hospedes, imposto, preco_total_estadia, preco_total_imposto_limpeza, status) VALUES ('63950148205', '06751823959', 7, '2025-05-11 09:57:47', '2025-06-01 22:55:59', '2025-09-19 01:39:34', 3, 11800, 336300, 32100, True);
INSERT INTO Reserva (CPF_locatario, CPF_locador, id_propriedade, data_reserva, data_checkin, data_checkout, numero_hospedes, imposto, preco_total_estadia, preco_total_imposto_limpeza, status) VALUES ('06751823959', '30126597499', 3, '2025-02-24 22:34:14', '2026-02-03 23:29:52', '2026-12-31 18:26:07', 4, 46500, 412400, 46600, False);
INSERT INTO Reserva (CPF_locatario, CPF_locador, id_propriedade, data_reserva, data_checkin, data_checkout, numero_hospedes, imposto, preco_total_estadia, preco_total_imposto_limpeza, status) VALUES ('30126597499', '12609473869', 6, '2025-10-17 17:01:04', '2026-06-29 12:18:57', '2027-03-05 01:59:42', 4, 18100, 457000, 72200, False);
INSERT INTO Reserva (CPF_locatario, CPF_locador, id_propriedade, data_reserva, data_checkin, data_checkout, numero_hospedes, imposto, preco_total_estadia, preco_total_imposto_limpeza, status) VALUES ('12609473869', '38629175095', 2, '2025-11-16 03:45:06', '2026-06-28 18:19:51', '2026-11-24 16:36:55', 3, 38700, 198100, 54400, True);
INSERT INTO Reserva (CPF_locatario, CPF_locador, id_propriedade, data_reserva, data_checkin, data_checkout, numero_hospedes, imposto, preco_total_estadia, preco_total_imposto_limpeza, status) VALUES ('38629175095', '26058497329', 6, '2025-07-03 22:26:11', '2026-05-02 21:23:24', '2026-08-09 13:59:08', 1, 4300, 160800, 14900, False);
INSERT INTO Reserva (CPF_locatario, CPF_locador, id_propriedade, data_reserva, data_checkin, data_checkout, numero_hospedes, imposto, preco_total_estadia, preco_total_imposto_limpeza, status) VALUES ('26058497329', '67398542119', 3, '2025-05-25 08:44:04', '2025-11-25 10:38:54', '2026-11-14 15:11:13', 3, 46900, 167100, 12600, True);
INSERT INTO Reserva (CPF_locatario, CPF_locador, id_propriedade, data_reserva, data_checkin, data_checkout, numero_hospedes, imposto, preco_total_estadia, preco_total_imposto_limpeza, status) VALUES ('67398542119', '70834195232', 3, '2025-09-12 02:33:28', '2026-06-30 09:30:14', '2026-12-16 05:52:30', 3, 29000, 321600, 6900, True);
INSERT INTO Reserva (CPF_locatario, CPF_locador, id_propriedade, data_reserva, data_checkin, data_checkout, numero_hospedes, imposto, preco_total_estadia, preco_total_imposto_limpeza, status) VALUES ('70834195232', '72598403150', 7, '2025-11-24 21:51:46', '2026-03-08 19:38:03', '2026-12-27 04:16:19', 5, 14300, 239200, 58500, False);
INSERT INTO Reserva (CPF_locatario, CPF_locador, id_propriedade, data_reserva, data_checkin, data_checkout, numero_hospedes, imposto, preco_total_estadia, preco_total_imposto_limpeza, status) VALUES ('72598403150', '79063182503', 7, '2025-04-28 16:33:27', '2025-08-11 16:58:47', '2026-01-30 17:56:52', 4, 11500, 156600, 74900, False);
INSERT INTO Reserva (CPF_locatario, CPF_locador, id_propriedade, data_reserva, data_checkin, data_checkout, numero_hospedes, imposto, preco_total_estadia, preco_total_imposto_limpeza, status) VALUES ('79063182503', '85263174900', 4, '2025-09-01 12:04:40', '2025-10-28 20:08:41', '2025-11-20 12:00:18', 3, 17300, 409500, 92500, False);
INSERT INTO Reserva (CPF_locatario, CPF_locador, id_propriedade, data_reserva, data_checkin, data_checkout, numero_hospedes, imposto, preco_total_estadia, preco_total_imposto_limpeza, status) VALUES ('85263174900', '36957182428', 1, '2025-07-09 15:33:59', '2026-03-17 19:36:30', '2026-06-13 02:17:48', 4, 50000, 117800, 56600, False);
INSERT INTO Reserva (CPF_locatario, CPF_locador, id_propriedade, data_reserva, data_checkin, data_checkout, numero_hospedes, imposto, preco_total_estadia, preco_total_imposto_limpeza, status) VALUES ('36957182428', '46709213803', 3, '2026-01-19 15:39:45', '2026-11-01 00:23:27', '2027-10-08 11:01:33', 1, 3800, 35700, 51400, False);
INSERT INTO Reserva (CPF_locatario, CPF_locador, id_propriedade, data_reserva, data_checkin, data_checkout, numero_hospedes, imposto, preco_total_estadia, preco_total_imposto_limpeza, status) VALUES ('46709213803', '84063729583', 2, '2025-05-27 21:26:57', '2025-06-23 10:38:50', '2025-08-25 15:18:35', 2, 24100, 195300, 69800, True);
INSERT INTO Reserva (CPF_locatario, CPF_locador, id_propriedade, data_reserva, data_checkin, data_checkout, numero_hospedes, imposto, preco_total_estadia, preco_total_imposto_limpeza, status) VALUES ('84063729583', '53182046942', 7, '2025-07-17 17:06:13', '2025-11-04 12:28:51', '2026-07-23 03:34:27', 4, 24900, 324300, 29500, False);
INSERT INTO Reserva (CPF_locatario, CPF_locador, id_propriedade, data_reserva, data_checkin, data_checkout, numero_hospedes, imposto, preco_total_estadia, preco_total_imposto_limpeza, status) VALUES ('53182046942', '63950148205', 2, '2025-06-29 18:05:48', '2026-01-04 22:59:26', '2026-07-07 23:06:13', 2, 40100, 86400, 87700, False);
INSERT INTO Reserva (CPF_locatario, CPF_locador, id_propriedade, data_reserva, data_checkin, data_checkout, numero_hospedes, imposto, preco_total_estadia, preco_total_imposto_limpeza, status) VALUES ('63950148205', '06751823959', 5, '2025-03-10 13:55:08', '2025-09-13 08:57:15', '2026-06-01 17:04:11', 2, 7700, 388500, 63900, True);
INSERT INTO Reserva (CPF_locatario, CPF_locador, id_propriedade, data_reserva, data_checkin, data_checkout, numero_hospedes, imposto, preco_total_estadia, preco_total_imposto_limpeza, status) VALUES ('06751823959', '30126597499', 1, '2025-12-28 02:21:37', '2026-07-05 08:39:36', '2027-05-25 01:43:34', 2, 1100, 147200, 99100, True);
INSERT INTO Reserva (CPF_locatario, CPF_locador, id_propriedade, data_reserva, data_checkin, data_checkout, numero_hospedes, imposto, preco_total_estadia, preco_total_imposto_limpeza, status) VALUES ('30126597499', '12609473869', 2, '2025-05-26 08:00:59', '2025-08-05 04:37:58', '2025-10-31 13:46:20', 2, 11700, 63400, 35400, True);
INSERT INTO Reserva (CPF_locatario, CPF_locador, id_propriedade, data_reserva, data_checkin, data_checkout, numero_hospedes, imposto, preco_total_estadia, preco_total_imposto_limpeza, status) VALUES ('12609473869', '38629175095', 1, '2025-09-04 12:29:29', '2026-05-15 17:02:17', '2026-07-13 17:25:05', 1, 28400, 40600, 95600, False);
INSERT INTO Reserva (CPF_locatario, CPF_locador, id_propriedade, data_reserva, data_checkin, data_checkout, numero_hospedes, imposto, preco_total_estadia, preco_total_imposto_limpeza, status) VALUES ('38629175095', '26058497329', 1, '2025-04-01 11:58:39', '2025-05-27 13:19:58', '2025-12-18 23:34:15', 5, 47200, 264500, 39800, False);
INSERT INTO Reserva (CPF_locatario, CPF_locador, id_propriedade, data_reserva, data_checkin, data_checkout, numero_hospedes, imposto, preco_total_estadia, preco_total_imposto_limpeza, status) VALUES ('26058497329', '67398542119', 6, '2025-05-28 17:22:16', '2025-08-20 13:37:56', '2025-11-18 23:23:07', 5, 30500, 272600, 72900, True);
INSERT INTO Reserva (CPF_locatario, CPF_locador, id_propriedade, data_reserva, data_checkin, data_checkout, numero_hospedes, imposto, preco_total_estadia, preco_total_imposto_limpeza, status) VALUES ('67398542119', '70834195232', 7, '2025-03-21 09:51:42', '2025-11-28 01:47:51', '2026-04-07 17:41:07', 1, 30300, 243600, 43200, True);
INSERT INTO Reserva (CPF_locatario, CPF_locador, id_propriedade, data_reserva, data_checkin, data_checkout, numero_hospedes, imposto, preco_total_estadia, preco_total_imposto_limpeza, status) VALUES ('70834195232', '72598403150', 1, '2026-01-03 19:00:53', '2026-08-06 13:36:14', '2026-12-24 10:43:35', 1, 26700, 119700, 73800, False);
INSERT INTO Reserva (CPF_locatario, CPF_locador, id_propriedade, data_reserva, data_checkin, data_checkout, numero_hospedes, imposto, preco_total_estadia, preco_total_imposto_limpeza, status) VALUES ('72598403150', '79063182503', 6, '2025-04-13 00:57:46', '2025-06-27 22:15:10', '2025-11-08 19:31:35', 4, 27100, 353300, 37700, True);
INSERT INTO Reserva (CPF_locatario, CPF_locador, id_propriedade, data_reserva, data_checkin, data_checkout, numero_hospedes, imposto, preco_total_estadia, preco_total_imposto_limpeza, status) VALUES ('79063182503', '85263174900', 2, '2025-02-14 15:32:34', '2025-03-23 13:53:21', '2026-02-17 23:50:50', 3, 41300, 361600, 23100, True);
INSERT INTO Reserva (CPF_locatario, CPF_locador, id_propriedade, data_reserva, data_checkin, data_checkout, numero_hospedes, imposto, preco_total_estadia, preco_total_imposto_limpeza, status) VALUES ('85263174900', '36957182428', 3, '2025-04-06 01:48:38', '2025-06-14 06:01:13', '2025-09-12 05:05:16', 5, 22700, 312200, 42800, True);
INSERT INTO Reserva (CPF_locatario, CPF_locador, id_propriedade, data_reserva, data_checkin, data_checkout, numero_hospedes, imposto, preco_total_estadia, preco_total_imposto_limpeza, status) VALUES ('36957182428', '46709213803', 3, '2025-06-26 19:39:20', '2025-12-05 00:45:57', '2026-07-23 14:34:15', 2, 30800, 93900, 40600, True);
INSERT INTO Reserva (CPF_locatario, CPF_locador, id_propriedade, data_reserva, data_checkin, data_checkout, numero_hospedes, imposto, preco_total_estadia, preco_total_imposto_limpeza, status) VALUES ('46709213803', '84063729583', 5, '2025-10-02 15:10:41', '2026-03-22 16:14:33', '2026-11-22 17:03:41', 4, 22000, 399100, 51300, True);
INSERT INTO Reserva (CPF_locatario, CPF_locador, id_propriedade, data_reserva, data_checkin, data_checkout, numero_hospedes, imposto, preco_total_estadia, preco_total_imposto_limpeza, status) VALUES ('84063729583', '53182046942', 2, '2025-05-17 10:27:54', '2025-10-13 09:58:09', '2026-01-20 09:54:14', 3, 7300, 396800, 66400, False);
INSERT INTO Reserva (CPF_locatario, CPF_locador, id_propriedade, data_reserva, data_checkin, data_checkout, numero_hospedes, imposto, preco_total_estadia, preco_total_imposto_limpeza, status) VALUES ('53182046942', '63950148205', 1, '2025-12-28 03:04:25', '2026-08-10 11:07:59', '2026-09-05 10:01:29', 1, 49300, 382700, 15800, False);
INSERT INTO Reserva (CPF_locatario, CPF_locador, id_propriedade, data_reserva, data_checkin, data_checkout, numero_hospedes, imposto, preco_total_estadia, preco_total_imposto_limpeza, status) VALUES ('63950148205', '06751823959', 3, '2025-07-18 02:23:53', '2025-10-17 09:45:29', '2025-12-04 11:23:27', 2, 36600, 169600, 74300, False);
INSERT INTO Reserva (CPF_locatario, CPF_locador, id_propriedade, data_reserva, data_checkin, data_checkout, numero_hospedes, imposto, preco_total_estadia, preco_total_imposto_limpeza, status) VALUES ('06751823959', '30126597499', 6, '2025-09-18 17:28:54', '2026-04-21 01:19:57', '2027-01-12 14:16:30', 2, 49700, 145500, 22700, True);
INSERT INTO Reserva (CPF_locatario, CPF_locador, id_propriedade, data_reserva, data_checkin, data_checkout, numero_hospedes, imposto, preco_total_estadia, preco_total_imposto_limpeza, status) VALUES ('30126597499', '12609473869', 2, '2025-03-03 03:51:16', '2025-06-19 21:16:41', '2025-09-16 20:46:23', 5, 12800, 395100, 96500, False);
INSERT INTO Reserva (CPF_locatario, CPF_locador, id_propriedade, data_reserva, data_checkin, data_checkout, numero_hospedes, imposto, preco_total_estadia, preco_total_imposto_limpeza, status) VALUES ('12609473869', '38629175095', 5, '2025-10-03 17:07:45', '2026-03-15 10:38:16', '2026-10-02 16:09:19', 3, 14100, 316100, 97100, False);
INSERT INTO Reserva (CPF_locatario, CPF_locador, id_propriedade, data_reserva, data_checkin, data_checkout, numero_hospedes, imposto, preco_total_estadia, preco_total_imposto_limpeza, status) VALUES ('38629175095', '26058497329', 6, '2025-03-05 10:33:40', '2025-07-03 07:28:54', '2026-02-16 12:57:06', 3, 16300, 27300, 61400, False);
INSERT INTO Reserva (CPF_locatario, CPF_locador, id_propriedade, data_reserva, data_checkin, data_checkout, numero_hospedes, imposto, preco_total_estadia, preco_total_imposto_limpeza, status) VALUES ('26058497329', '67398542119', 4, '2025-08-19 21:56:37', '2025-10-19 01:51:56', '2026-01-04 03:13:17', 1, 6200, 295900, 69000, True);
INSERT INTO Reserva (CPF_locatario, CPF_locador, id_propriedade, data_reserva, data_checkin, data_checkout, numero_hospedes, imposto, preco_total_estadia, preco_total_imposto_limpeza, status) VALUES ('67398542119', '70834195232', 7, '2025-08-11 19:03:44', '2026-02-14 19:42:15', '2026-09-29 09:49:10', 1, 36900, 153400, 16900, False);
INSERT INTO Reserva (CPF_locatario, CPF_locador, id_propriedade, data_reserva, data_checkin, data_checkout, numero_hospedes, imposto, preco_total_estadia, preco_total_imposto_limpeza, status) VALUES ('70834195232', '72598403150', 3, '2025-04-06 21:52:40', '2025-12-15 06:12:21', '2026-02-10 12:44:45', 2, 5000, 323400, 97000, False);
INSERT INTO Reserva (CPF_locatario, CPF_locador, id_propriedade, data_reserva, data_checkin, data_checkout, numero_hospedes, imposto, preco_total_estadia, preco_total_imposto_limpeza, status) VALUES ('72598403150', '79063182503', 3, '2025-10-20 17:20:16', '2026-01-10 20:16:03', '2026-02-04 13:35:29', 2, 38900, 186000, 85800, False);
INSERT INTO Reserva (CPF_locatario, CPF_locador, id_propriedade, data_reserva, data_checkin, data_checkout, numero_hospedes, imposto, preco_total_estadia, preco_total_imposto_limpeza, status) VALUES ('79063182503', '85263174900', 6, '2025-04-01 08:32:12', '2025-07-16 13:34:09', '2025-08-29 03:04:02', 5, 42000, 143000, 55600, False);
INSERT INTO Reserva (CPF_locatario, CPF_locador, id_propriedade, data_reserva, data_checkin, data_checkout, numero_hospedes, imposto, preco_total_estadia, preco_total_imposto_limpeza, status) VALUES ('85263174900', '36957182428', 3, '2025-06-06 00:30:57', '2026-05-15 07:16:10', '2027-01-29 21:08:53', 5, 36600, 285300, 48700, False);
INSERT INTO Reserva (CPF_locatario, CPF_locador, id_propriedade, data_reserva, data_checkin, data_checkout, numero_hospedes, imposto, preco_total_estadia, preco_total_imposto_limpeza, status) VALUES ('36957182428', '46709213803', 4, '2025-07-14 13:16:58', '2025-10-22 23:50:39', '2026-06-18 02:34:09', 1, 3000, 483200, 97900, False);
INSERT INTO Reserva (CPF_locatario, CPF_locador, id_propriedade, data_reserva, data_checkin, data_checkout, numero_hospedes, imposto, preco_total_estadia, preco_total_imposto_limpeza, status) VALUES ('46709213803', '84063729583', 4, '2026-01-04 06:29:19', '2026-01-26 14:44:15', '2026-12-06 12:41:44', 5, 1700, 15000, 18100, False);
INSERT INTO Reserva (CPF_locatario, CPF_locador, id_propriedade, data_reserva, data_checkin, data_checkout, numero_hospedes, imposto, preco_total_estadia, preco_total_imposto_limpeza, status) VALUES ('84063729583', '53182046942', 3, '2025-08-02 15:22:54', '2026-01-16 13:15:45', '2026-04-18 02:12:36', 2, 42900, 75700, 8500, False);
INSERT INTO Reserva (CPF_locatario, CPF_locador, id_propriedade, data_reserva, data_checkin, data_checkout, numero_hospedes, imposto, preco_total_estadia, preco_total_imposto_limpeza, status) VALUES ('53182046942', '63950148205', 6, '2026-01-29 01:42:37', '2026-11-28 14:31:11', '2026-12-12 17:12:33', 5, 45300, 308500, 82900, False);
INSERT INTO Reserva (CPF_locatario, CPF_locador, id_propriedade, data_reserva, data_checkin, data_checkout, numero_hospedes, imposto, preco_total_estadia, preco_total_imposto_limpeza, status) VALUES ('63950148205', '06751823959', 1, '2025-12-01 17:22:58', '2026-03-11 22:17:20', '2026-10-16 10:57:41', 5, 47800, 22400, 40300, False);
INSERT INTO Reserva (CPF_locatario, CPF_locador, id_propriedade, data_reserva, data_checkin, data_checkout, numero_hospedes, imposto, preco_total_estadia, preco_total_imposto_limpeza, status) VALUES ('06751823959', '30126597499', 4, '2025-08-01 07:21:06', '2026-02-28 21:08:42', '2026-09-03 20:59:24', 2, 18500, 395500, 53800, True);
INSERT INTO Reserva (CPF_locatario, CPF_locador, id_propriedade, data_reserva, data_checkin, data_checkout, numero_hospedes, imposto, preco_total_estadia, preco_total_imposto_limpeza, status) VALUES ('30126597499', '12609473869', 1, '2025-11-22 22:19:28', '2026-07-26 04:57:23', '2027-06-09 01:46:52', 3, 39900, 274000, 93900, True);
INSERT INTO Reserva (CPF_locatario, CPF_locador, id_propriedade, data_reserva, data_checkin, data_checkout, numero_hospedes, imposto, preco_total_estadia, preco_total_imposto_limpeza, status) VALUES ('12609473869', '38629175095', 7, '2025-09-30 19:23:47', '2026-02-10 16:00:09', '2026-03-25 23:47:43', 1, 45500, 32500, 10900, False);
INSERT INTO Reserva (CPF_locatario, CPF_locador, id_propriedade, data_reserva, data_checkin, data_checkout, numero_hospedes, imposto, preco_total_estadia, preco_total_imposto_limpeza, status) VALUES ('38629175095', '26058497329', 6, '2025-07-30 08:12:05', '2026-06-01 15:04:40', '2026-10-11 14:52:04', 5, 20500, 481400, 71500, False);
INSERT INTO Reserva (CPF_locatario, CPF_locador, id_propriedade, data_reserva, data_checkin, data_checkout, numero_hospedes, imposto, preco_total_estadia, preco_total_imposto_limpeza, status) VALUES ('26058497329', '67398542119', 4, '2025-09-14 17:15:19', '2025-12-18 04:48:18', '2026-03-03 17:37:23', 2, 25400, 491900, 48400, False);
INSERT INTO Reserva (CPF_locatario, CPF_locador, id_propriedade, data_reserva, data_checkin, data_checkout, numero_hospedes, imposto, preco_total_estadia, preco_total_imposto_limpeza, status) VALUES ('67398542119', '70834195232', 3, '2025-04-25 11:34:31', '2025-06-07 09:47:03', '2025-09-06 06:20:36', 5, 16000, 498200, 91900, True);
INSERT INTO Reserva (CPF_locatario, CPF_locador, id_propriedade, data_reserva, data_checkin, data_checkout, numero_hospedes, imposto, preco_total_estadia, preco_total_imposto_limpeza, status) VALUES ('70834195232', '72598403150', 4, '2025-08-16 07:01:26', '2025-08-16 12:53:28', '2025-10-13 01:55:02', 3, 12200, 216700, 69800, True);
INSERT INTO Reserva (CPF_locatario, CPF_locador, id_propriedade, data_reserva, data_checkin, data_checkout, numero_hospedes, imposto, preco_total_estadia, preco_total_imposto_limpeza, status) VALUES ('72598403150', '79063182503', 5, '2025-12-26 06:17:20', '2026-10-24 11:01:31', '2026-11-08 13:08:25', 4, 24800, 439900, 51400, True);
INSERT INTO Reserva (CPF_locatario, CPF_locador, id_propriedade, data_reserva, data_checkin, data_checkout, numero_hospedes, imposto, preco_total_estadia, preco_total_imposto_limpeza, status) VALUES ('79063182503', '85263174900', 1, '2025-07-29 20:36:54', '2026-02-07 02:51:03', '2026-07-25 14:48:59', 1, 47200, 271200, 98500, False);
INSERT INTO Reserva (CPF_locatario, CPF_locador, id_propriedade, data_reserva, data_checkin, data_checkout, numero_hospedes, imposto, preco_total_estadia, preco_total_imposto_limpeza, status) VALUES ('85263174900', '36957182428', 5, '2025-05-27 10:51:43', '2025-06-04 08:26:19', '2025-12-21 22:57:00', 5, 28400, 111300, 24900, False);
INSERT INTO Reserva (CPF_locatario, CPF_locador, id_propriedade, data_reserva, data_checkin, data_checkout, numero_hospedes, imposto, preco_total_estadia, preco_total_imposto_limpeza, status) VALUES ('36957182428', '46709213803', 3, '2025-12-29 10:40:55', '2026-09-05 13:45:15', '2027-07-14 04:57:39', 3, 33300, 401300, 38100, False);
INSERT INTO Reserva (CPF_locatario, CPF_locador, id_propriedade, data_reserva, data_checkin, data_checkout, numero_hospedes, imposto, preco_total_estadia, preco_total_imposto_limpeza, status) VALUES ('46709213803', '84063729583', 6, '2025-03-19 00:52:28', '2026-03-07 19:40:01', '2026-10-17 09:43:54', 4, 5700, 328300, 34400, False);
INSERT INTO Reserva (CPF_locatario, CPF_locador, id_propriedade, data_reserva, data_checkin, data_checkout, numero_hospedes, imposto, preco_total_estadia, preco_total_imposto_limpeza, status) VALUES ('84063729583', '53182046942', 1, '2025-10-21 06:28:48', '2025-12-22 18:16:20', '2026-07-19 09:38:05', 1, 43600, 14100, 5300, False);
INSERT INTO Reserva (CPF_locatario, CPF_locador, id_propriedade, data_reserva, data_checkin, data_checkout, numero_hospedes, imposto, preco_total_estadia, preco_total_imposto_limpeza, status) VALUES ('53182046942', '63950148205', 4, '2025-10-24 18:34:20', '2026-02-26 17:26:15', '2026-04-02 21:19:50', 4, 31300, 452800, 87900, True);
INSERT INTO Reserva (CPF_locatario, CPF_locador, id_propriedade, data_reserva, data_checkin, data_checkout, numero_hospedes, imposto, preco_total_estadia, preco_total_imposto_limpeza, status) VALUES ('63950148205', '06751823959', 4, '2025-03-29 16:11:05', '2025-12-29 09:34:47', '2026-04-27 03:19:09', 2, 37200, 456700, 60400, True);
INSERT INTO Reserva (CPF_locatario, CPF_locador, id_propriedade, data_reserva, data_checkin, data_checkout, numero_hospedes, imposto, preco_total_estadia, preco_total_imposto_limpeza, status) VALUES ('06751823959', '30126597499', 6, '2025-03-02 20:18:49', '2025-11-27 16:57:31', '2026-01-21 12:34:05', 3, 22600, 136600, 60600, False);
INSERT INTO Reserva (CPF_locatario, CPF_locador, id_propriedade, data_reserva, data_checkin, data_checkout, numero_hospedes, imposto, preco_total_estadia, preco_total_imposto_limpeza, status) VALUES ('30126597499', '12609473869', 3, '2025-06-01 14:10:09', '2026-02-06 09:29:25', '2026-04-10 02:09:17', 5, 4800, 71200, 47600, True);
INSERT INTO Reserva (CPF_locatario, CPF_locador, id_propriedade, data_reserva, data_checkin, data_checkout, numero_hospedes, imposto, preco_total_estadia, preco_total_imposto_limpeza, status) VALUES ('12609473869', '38629175095', 4, '2025-04-21 19:03:04', '2025-05-16 02:45:03', '2025-08-26 14:23:26', 4, 6200, 281100, 99000, True);
INSERT INTO Reserva (CPF_locatario, CPF_locador, id_propriedade, data_reserva, data_checkin, data_checkout, numero_hospedes, imposto, preco_total_estadia, preco_total_imposto_limpeza, status) VALUES ('38629175095', '26058497329', 4, '2025-03-08 10:46:30', '2025-11-19 15:42:27', '2026-05-23 21:39:41', 5, 20400, 301800, 53000, True);
INSERT INTO Reserva (CPF_locatario, CPF_locador, id_propriedade, data_reserva, data_checkin, data_checkout, numero_hospedes, imposto, preco_total_estadia, preco_total_imposto_limpeza, status) VALUES ('26058497329', '67398542119', 3, '2026-01-17 03:37:54', '2026-04-01 01:22:29', '2026-09-24 20:30:17', 3, 11300, 101700, 88100, False);
INSERT INTO Reserva (CPF_locatario, CPF_locador, id_propriedade, data_reserva, data_checkin, data_checkout, numero_hospedes, imposto, preco_total_estadia, preco_total_imposto_limpeza, status) VALUES ('67398542119', '70834195232', 1, '2026-01-27 21:23:30', '2026-07-24 05:37:17', '2026-08-23 00:36:46', 5, 24700, 210000, 83100, False);
INSERT INTO Reserva (CPF_locatario, CPF_locador, id_propriedade, data_reserva, data_checkin, data_checkout, numero_hospedes, imposto, preco_total_estadia, preco_total_imposto_limpeza, status) VALUES ('70834195232', '72598403150', 6, '2025-08-12 07:00:32', '2026-07-28 09:57:46', '2027-02-13 11:24:39', 2, 25100, 193100, 36900, True);
INSERT INTO Reserva (CPF_locatario, CPF_locador, id_propriedade, data_reserva, data_checkin, data_checkout, numero_hospedes, imposto, preco_total_estadia, preco_total_imposto_limpeza, status) VALUES ('72598403150', '79063182503', 4, '2025-11-13 10:07:12', '2025-12-18 11:28:59', '2026-03-19 22:59:33', 1, 25200, 295700, 41400, False);
INSERT INTO Reserva (CPF_locatario, CPF_locador, id_propriedade, data_reserva, data_checkin, data_checkout, numero_hospedes, imposto, preco_total_estadia, preco_total_imposto_limpeza, status) VALUES ('79063182503', '85263174900', 3, '2025-07-02 18:03:25', '2025-09-05 00:55:36', '2026-06-13 11:33:11', 4, 1600, 355800, 63600, True);
INSERT INTO Reserva (CPF_locatario, CPF_locador, id_propriedade, data_reserva, data_checkin, data_checkout, numero_hospedes, imposto, preco_total_estadia, preco_total_imposto_limpeza, status) VALUES ('85263174900', '36957182428', 5, '2025-05-31 14:31:19', '2026-04-04 21:37:29', '2026-10-08 19:37:15', 3, 15600, 405800, 29400, True);
INSERT INTO Reserva (CPF_locatario, CPF_locador, id_propriedade, data_reserva, data_checkin, data_checkout, numero_hospedes, imposto, preco_total_estadia, preco_total_imposto_limpeza, status) VALUES ('36957182428', '46709213803', 2, '2025-05-29 19:07:49', '2026-05-03 07:11:01', '2026-12-15 00:23:16', 1, 37900, 321100, 92600, True);
INSERT INTO Reserva (CPF_locatario, CPF_locador, id_propriedade, data_reserva, data_checkin, data_checkout, numero_hospedes, imposto, preco_total_estadia, preco_total_imposto_limpeza, status) VALUES ('46709213803', '84063729583', 6, '2025-12-27 14:02:34', '2026-07-03 21:47:39', '2027-02-26 08:49:52', 5, 14200, 380000, 41600, False);
INSERT INTO Reserva (CPF_locatario, CPF_locador, id_propriedade, data_reserva, data_checkin, data_checkout, numero_hospedes, imposto, preco_total_estadia, preco_total_imposto_limpeza, status) VALUES ('84063729583', '53182046942', 2, '2025-10-30 18:14:12', '2026-09-20 20:16:52', '2027-03-10 12:48:59', 2, 11700, 366100, 26700, True);
INSERT INTO Reserva (CPF_locatario, CPF_locador, id_propriedade, data_reserva, data_checkin, data_checkout, numero_hospedes, imposto, preco_total_estadia, preco_total_imposto_limpeza, status) VALUES ('53182046942', '63950148205', 5, '2025-04-26 11:20:09', '2025-10-12 13:18:30', '2026-05-10 14:37:00', 3, 45200, 339500, 54500, False);
INSERT INTO Reserva (CPF_locatario, CPF_locador, id_propriedade, data_reserva, data_checkin, data_checkout, numero_hospedes, imposto, preco_total_estadia, preco_total_imposto_limpeza, status) VALUES ('63950148205', '06751823959', 5, '2025-11-16 17:08:08', '2026-01-11 16:55:33', '2026-06-22 15:49:07', 5, 17400, 469500, 5100, False);
INSERT INTO Reserva (CPF_locatario, CPF_locador, id_propriedade, data_reserva, data_checkin, data_checkout, numero_hospedes, imposto, preco_total_estadia, preco_total_imposto_limpeza, status) VALUES ('06751823959', '30126597499', 3, '2025-07-03 01:39:44', '2026-06-06 13:50:43', '2026-08-11 00:52:44', 1, 44000, 350800, 64100, True);
INSERT INTO Reserva (CPF_locatario, CPF_locador, id_propriedade, data_reserva, data_checkin, data_checkout, numero_hospedes, imposto, preco_total_estadia, preco_total_imposto_limpeza, status) VALUES ('30126597499', '12609473869', 2, '2025-09-08 20:35:04', '2025-11-28 07:13:11', '2026-07-29 11:14:51', 5, 16200, 476300, 22800, True);
INSERT INTO Reserva (CPF_locatario, CPF_locador, id_propriedade, data_reserva, data_checkin, data_checkout, numero_hospedes, imposto, preco_total_estadia, preco_total_imposto_limpeza, status) VALUES ('12609473869', '38629175095', 3, '2025-05-20 13:41:49', '2025-10-14 00:07:15', '2026-01-30 20:32:10', 2, 15400, 433100, 46700, True);
INSERT INTO Reserva (CPF_locatario, CPF_locador, id_propriedade, data_reserva, data_checkin, data_checkout, numero_hospedes, imposto, preco_total_estadia, preco_total_imposto_limpeza, status) VALUES ('38629175095', '26058497329', 5, '2025-10-09 01:53:47', '2026-02-11 06:42:55', '2026-07-03 22:46:52', 5, 49400, 345800, 38600, False);
INSERT INTO Reserva (CPF_locatario, CPF_locador, id_propriedade, data_reserva, data_checkin, data_checkout, numero_hospedes, imposto, preco_total_estadia, preco_total_imposto_limpeza, status) VALUES ('26058497329', '67398542119', 2, '2026-01-02 06:01:44', '2026-03-20 02:03:06', '2026-08-18 07:51:49', 4, 25900, 64800, 42500, True);
INSERT INTO Reserva (CPF_locatario, CPF_locador, id_propriedade, data_reserva, data_checkin, data_checkout, numero_hospedes, imposto, preco_total_estadia, preco_total_imposto_limpeza, status) VALUES ('67398542119', '70834195232', 4, '2025-09-07 21:55:21', '2026-01-08 07:24:49', '2026-12-03 16:30:32', 3, 26700, 316200, 66200, True);
INSERT INTO Reserva (CPF_locatario, CPF_locador, id_propriedade, data_reserva, data_checkin, data_checkout, numero_hospedes, imposto, preco_total_estadia, preco_total_imposto_limpeza, status) VALUES ('70834195232', '72598403150', 5, '2025-02-01 13:07:08', '2025-04-22 12:52:41', '2025-10-31 17:50:31', 4, 47500, 488200, 31200, False);
INSERT INTO Reserva (CPF_locatario, CPF_locador, id_propriedade, data_reserva, data_checkin, data_checkout, numero_hospedes, imposto, preco_total_estadia, preco_total_imposto_limpeza, status) VALUES ('72598403150', '79063182503', 1, '2025-03-28 10:08:53', '2025-12-08 12:56:35', '2026-05-15 22:50:22', 4, 5500, 140200, 36500, False);
INSERT INTO Reserva (CPF_locatario, CPF_locador, id_propriedade, data_reserva, data_checkin, data_checkout, numero_hospedes, imposto, preco_total_estadia, preco_total_imposto_limpeza, status) VALUES ('79063182503', '85263174900', 4, '2026-01-16 17:02:05', '2026-11-09 05:33:58', '2027-09-09 09:47:01', 5, 3300, 369500, 85500, True);
INSERT INTO Reserva (CPF_locatario, CPF_locador, id_propriedade, data_reserva, data_checkin, data_checkout, numero_hospedes, imposto, preco_total_estadia, preco_total_imposto_limpeza, status) VALUES ('85263174900', '36957182428', 6, '2025-05-22 17:52:51', '2026-02-17 00:43:32', '2026-06-26 20:42:55', 3, 23900, 296900, 74200, False);
INSERT INTO Reserva (CPF_locatario, CPF_locador, id_propriedade, data_reserva, data_checkin, data_checkout, numero_hospedes, imposto, preco_total_estadia, preco_total_imposto_limpeza, status) VALUES ('36957182428', '46709213803', 2, '2025-09-21 01:06:49', '2026-03-04 23:52:50', '2027-01-01 17:34:27', 2, 42400, 131800, 95200, False);
INSERT INTO Reserva (CPF_locatario, CPF_locador, id_propriedade, data_reserva, data_checkin, data_checkout, numero_hospedes, imposto, preco_total_estadia, preco_total_imposto_limpeza, status) VALUES ('46709213803', '84063729583', 2, '2025-02-25 06:52:46', '2025-03-24 11:29:00', '2025-05-10 22:27:40', 2, 18900, 163800, 13800, False);
INSERT INTO Reserva (CPF_locatario, CPF_locador, id_propriedade, data_reserva, data_checkin, data_checkout, numero_hospedes, imposto, preco_total_estadia, preco_total_imposto_limpeza, status) VALUES ('84063729583', '53182046942', 6, '2025-06-05 06:06:50', '2025-09-14 03:01:12', '2026-02-02 14:16:58', 2, 3700, 51200, 44400, True);
INSERT INTO Reserva (CPF_locatario, CPF_locador, id_propriedade, data_reserva, data_checkin, data_checkout, numero_hospedes, imposto, preco_total_estadia, preco_total_imposto_limpeza, status) VALUES ('53182046942', '63950148205', 7, '2025-11-13 05:16:34', '2026-01-16 01:43:20', '2026-08-08 20:04:27', 2, 14400, 291300, 80800, True);
INSERT INTO Reserva (CPF_locatario, CPF_locador, id_propriedade, data_reserva, data_checkin, data_checkout, numero_hospedes, imposto, preco_total_estadia, preco_total_imposto_limpeza, status) VALUES ('63950148205', '06751823959', 7, '2025-11-10 18:17:55', '2026-04-06 23:24:44', '2026-10-02 06:30:28', 4, 21100, 269500, 96200, True);
INSERT INTO Reserva (CPF_locatario, CPF_locador, id_propriedade, data_reserva, data_checkin, data_checkout, numero_hospedes, imposto, preco_total_estadia, preco_total_imposto_limpeza, status) VALUES ('06751823959', '30126597499', 2, '2025-09-13 04:09:32', '2026-04-24 19:18:13', '2027-01-05 00:42:15', 5, 7800, 124200, 45000, False);
INSERT INTO Reserva (CPF_locatario, CPF_locador, id_propriedade, data_reserva, data_checkin, data_checkout, numero_hospedes, imposto, preco_total_estadia, preco_total_imposto_limpeza, status) VALUES ('30126597499', '12609473869', 2, '2025-08-17 04:10:14', '2026-03-16 04:21:35', '2026-07-18 23:46:03', 1, 31300, 180800, 98000, False);
INSERT INTO Reserva (CPF_locatario, CPF_locador, id_propriedade, data_reserva, data_checkin, data_checkout, numero_hospedes, imposto, preco_total_estadia, preco_total_imposto_limpeza, status) VALUES ('12609473869', '38629175095', 2, '2025-12-28 15:32:17', '2026-05-30 14:34:13', '2026-09-09 04:50:00', 2, 16700, 417700, 63200, False);
INSERT INTO Reserva (CPF_locatario, CPF_locador, id_propriedade, data_reserva, data_checkin, data_checkout, numero_hospedes, imposto, preco_total_estadia, preco_total_imposto_limpeza, status) VALUES ('38629175095', '26058497329', 4, '2025-06-17 11:16:21', '2025-10-07 02:03:22', '2026-10-05 16:08:33', 5, 1800, 382200, 90900, True);
INSERT INTO Reserva (CPF_locatario, CPF_locador, id_propriedade, data_reserva, data_checkin, data_checkout, numero_hospedes, imposto, preco_total_estadia, preco_total_imposto_limpeza, status) VALUES ('26058497329', '67398542119', 3, '2025-05-17 05:41:08', '2025-10-22 08:46:26', '2026-02-26 19:55:45', 2, 12300, 383500, 84200, True);
INSERT INTO Reserva (CPF_locatario, CPF_locador, id_propriedade, data_reserva, data_checkin, data_checkout, numero_hospedes, imposto, preco_total_estadia, preco_total_imposto_limpeza, status) VALUES ('67398542119', '70834195232', 5, '2025-07-21 07:39:37', '2025-07-28 05:19:54', '2025-11-20 06:18:51', 2, 33400, 44200, 86000, True);
INSERT INTO Reserva (CPF_locatario, CPF_locador, id_propriedade, data_reserva, data_checkin, data_checkout, numero_hospedes, imposto, preco_total_estadia, preco_total_imposto_limpeza, status) VALUES ('70834195232', '72598403150', 3, '2025-04-05 18:46:41', '2025-10-18 01:06:04', '2026-06-03 02:38:59', 1, 1800, 162900, 7300, False);
INSERT INTO Reserva (CPF_locatario, CPF_locador, id_propriedade, data_reserva, data_checkin, data_checkout, numero_hospedes, imposto, preco_total_estadia, preco_total_imposto_limpeza, status) VALUES ('72598403150', '79063182503', 6, '2025-07-31 15:24:59', '2025-11-18 16:02:53', '2026-10-07 00:34:00', 2, 36700, 61700, 56000, True);
INSERT INTO Reserva (CPF_locatario, CPF_locador, id_propriedade, data_reserva, data_checkin, data_checkout, numero_hospedes, imposto, preco_total_estadia, preco_total_imposto_limpeza, status) VALUES ('79063182503', '85263174900', 1, '2025-11-14 03:48:13', '2025-12-23 20:42:40', '2026-09-14 20:52:10', 5, 5200, 172600, 97100, True);
INSERT INTO Reserva (CPF_locatario, CPF_locador, id_propriedade, data_reserva, data_checkin, data_checkout, numero_hospedes, imposto, preco_total_estadia, preco_total_imposto_limpeza, status) VALUES ('85263174900', '36957182428', 2, '2025-08-07 21:01:06', '2025-12-03 00:08:17', '2026-09-21 10:28:06', 1, 12400, 139600, 17900, True);
INSERT INTO PontoDeInteresse (id_localizacao, nome) VALUES (1, 'Sousa da Rosa e Filhos');
INSERT INTO PontoDeInteresse (id_localizacao, nome) VALUES (2, 'Sá Costela S/A');
INSERT INTO PontoDeInteresse (id_localizacao, nome) VALUES (3, 'Moura - EI');
INSERT INTO PontoDeInteresse (id_localizacao, nome) VALUES (4, 'Sampaio');
INSERT INTO PontoDeInteresse (id_localizacao, nome) VALUES (5, 'Farias Melo - ME');
INSERT INTO PontoDeInteresse (id_localizacao, nome) VALUES (6, 'Albuquerque');
INSERT INTO PontoDeInteresse (id_localizacao, nome) VALUES (7, 'Barbosa Sales - ME');
INSERT INTO PontoDeInteresse (id_localizacao, nome) VALUES (8, 'Cardoso');
INSERT INTO PontoDeInteresse (id_localizacao, nome) VALUES (9, 'Macedo');
INSERT INTO PontoDeInteresse (id_localizacao, nome) VALUES (10, 'Brito');
INSERT INTO PontoDeInteresse (id_localizacao, nome) VALUES (11, 'Pinto e Filhos');
INSERT INTO PontoDeInteresse (id_localizacao, nome) VALUES (12, 'Cirino');
INSERT INTO PontoDeInteresse (id_localizacao, nome) VALUES (13, 'da Rosa');
INSERT INTO PontoDeInteresse (id_localizacao, nome) VALUES (14, 'Duarte');
INSERT INTO PontoDeInteresse (id_localizacao, nome) VALUES (15, 'Pires da Cunha - EI');
